Record Length,2500,Points,-2.4999999E-6,1.0640000,
Sample Interval,9.999999939E-9,s,-2.4900000E-6,1.0560000,
Trigger Point,249.99999520,Samples,-2.4799999E-6,1.0400001,
,,,-2.4700000E-6,1.0320001,
,,,-2.4599999E-6,1.0400001,
,,,-2.4500000E-6,1.0400001,
Source,CH1,,-2.4399999E-6,1.0400001,
Vertical Units,Volts,,-2.4300000E-6,1.0480001,
Vertical Scale,200.00000950E-3,,-2.4199999E-6,1.0640000,
Vertical Offset,0,,-2.4100000E-6,1.0720000,
Horizontal Units,s,,-2.3999999E-6,1.0800000,
Horizontal Scale,2.5000000E-6,,-2.3900000E-6,1.0640000,
Pt Fmt,Y,,-2.3799998E-6,1.0640000,
Yzero,-8.200000000,,-2.3699999E-6,1.0560000,
Probe Atten,1.000000,,-2.3599998E-6,1.0320001,
,,,-2.3499999E-6,1.0320001,
Note,TDS 2022B - 15:20:08   13.04.2015,,-2.3400000E-6,1.0240000,
,,,-2.3299999E-6,1.0320001,
,,,-2.3200000E-6,1.0240000,
,,,-2.3099999E-6,1.0400001,
,,,-2.3000000E-6,1.0560000,
,,,-2.2899999E-6,1.0800000,
,,,-2.2800000E-6,1.0720000,
,,,-2.2699999E-6,1.0720000,
,,,-2.2600000E-6,1.0640000,
,,,-2.2499999E-6,1.0640000,
,,,-2.2400000E-6,1.0480001,
,,,-2.2299998E-6,1.0480001,
,,,-2.2199999E-6,1.0560000,
,,,-2.2100000E-6,1.0320001,
,,,-2.1999999E-6,1.0320001,
,,,-2.1900000E-6,1.0320001,
,,,-2.1799999E-6,1.0400001,
,,,-2.1700000E-6,1.0560000,
,,,-2.1599999E-6,1.0720000,
,,,-2.1500000E-6,1.0640000,
,,,-2.1399999E-6,1.0720000,
,,,-2.1300000E-6,1.0640000,
,,,-2.1199999E-6,1.0560000,
,,,-2.1100000E-6,1.0560000,
,,,-2.0999998E-6,1.0400001,
,,,-2.0900000E-6,1.0400001,
,,,-2.0799998E-6,1.0400001,
,,,-2.0699999E-6,1.0320001,
,,,-2.0600000E-6,1.0320001,
,,,-2.0499999E-6,1.0480001,
,,,-2.0400000E-6,1.0720000,
,,,-2.0299999E-6,1.0720000,
,,,-2.0200000E-6,1.0720000,
,,,-2.0099999E-6,1.0640000,
,,,-2.0000000E-6,1.0560000,
,,,-1.9899999E-6,1.0640000,
,,,-1.9800000E-6,1.0480001,
,,,-1.9699999E-6,1.0480001,
,,,-1.9600000E-6,1.0240000,
,,,-1.9499998E-6,1.0240000,
,,,-1.9399999E-6,1.0320001,
,,,-1.9300001E-6,1.0320001,
,,,-1.9199999E-6,1.0400001,
,,,-1.9100000E-6,1.0560000,
,,,-1.8999999E-6,1.0720000,
,,,-1.8899999E-6,1.0720000,
,,,-1.8799999E-6,1.0640000,
,,,-1.8699999E-6,1.0560000,
,,,-1.8599999E-6,1.0560000,
,,,-1.8500000E-6,1.0480001,
,,,-1.8400000E-6,1.0480001,
,,,-1.8300000E-6,1.0400001,
,,,-1.8200000E-6,1.0320001,
,,,-1.8100000E-6,1.0400001,
,,,-1.7999999E-6,1.0400001,
,,,-1.7899999E-6,1.0480001,
,,,-1.7799999E-6,1.0720000,
,,,-1.7699999E-6,1.0720000,
,,,-1.7599999E-6,1.0800000,
,,,-1.7499999E-6,1.0640000,
,,,-1.7399999E-6,1.0560000,
,,,-1.7299999E-6,1.0560000,
,,,-1.7199999E-6,1.0480001,
,,,-1.7100000E-6,1.0480001,
,,,-1.7000000E-6,1.0320001,
,,,-1.6900000E-6,1.0320001,
,,,-1.6800000E-6,1.0400001,
,,,-1.6700000E-6,1.0480001,
,,,-1.6600000E-6,1.0640000,
,,,-1.6499999E-6,1.0640000,
,,,-1.6399999E-6,1.0800000,
,,,-1.6299999E-6,1.0640000,
,,,-1.6199999E-6,1.0640000,
,,,-1.6099999E-6,1.0640000,
,,,-1.5999999E-6,1.0560000,
,,,-1.5899999E-6,1.0320001,
,,,-1.5799999E-6,1.0400001,
,,,-1.5700000E-6,1.0320001,
,,,-1.5600000E-6,1.0320001,
,,,-1.5500000E-6,1.0400001,
,,,-1.5400000E-6,1.0480001,
,,,-1.5300000E-6,1.0480001,
,,,-1.5200000E-6,1.0640000,
,,,-1.5099999E-6,1.0720000,
,,,-1.4999999E-6,1.0640000,
,,,-1.4899999E-6,1.0560000,
,,,-1.4799999E-6,1.0640000,
,,,-1.4699999E-6,1.0480001,
,,,-1.4599999E-6,1.0400001,
,,,-1.4499999E-6,1.0320001,
,,,-1.4399999E-6,1.0400001,
,,,-1.4300000E-6,1.0240000,
,,,-1.4200000E-6,1.0240000,
,,,-1.4100000E-6,1.0560000,
,,,-1.4000000E-6,1.0640000,
,,,-1.3900000E-6,1.0720000,
,,,-1.3800000E-6,1.0800000,
,,,-1.3699999E-6,1.0560000,
,,,-1.3599999E-6,1.0640000,
,,,-1.3499999E-6,1.0560000,
,,,-1.3399999E-6,1.0480001,
,,,-1.3299999E-6,1.0400001,
,,,-1.3199999E-6,1.0320001,
,,,-1.3099999E-6,1.0400001,
,,,-1.2999999E-6,1.0320001,
,,,-1.2900000E-6,1.0400001,
,,,-1.2800000E-6,1.0480001,
,,,-1.2700000E-6,1.0720000,
,,,-1.2600000E-6,1.0800000,
,,,-1.2500000E-6,1.0720000,
,,,-1.2400000E-6,1.0720000,
,,,-1.2300000E-6,1.0640000,
,,,-1.2199999E-6,1.0480001,
,,,-1.2099999E-6,1.0480001,
,,,-1.1999999E-6,1.0320001,
,,,-1.1899999E-6,1.0480001,
,,,-1.1799999E-6,1.0320001,
,,,-1.1699999E-6,1.0320001,
,,,-1.1599999E-6,1.0320001,
,,,-1.1499999E-6,1.0560000,
,,,-1.1400000E-6,1.0640000,
,,,-1.1300000E-6,1.0800000,
,,,-1.1200000E-6,1.0800000,
,,,-1.1100000E-6,1.0640000,
,,,-1.1000000E-6,1.0400001,
,,,-1.0900000E-6,1.0560000,
,,,-1.0799999E-6,1.0480001,
,,,-1.0699999E-6,1.0320001,
,,,-1.0599999E-6,1.0320001,
,,,-1.0499999E-6,1.0240000,
,,,-1.0399999E-6,1.0320001,
,,,-1.0299999E-6,1.0400001,
,,,-1.0199999E-6,1.0480001,
,,,-1.0099999E-6,1.0720000,
,,,-1.000000E-6,1.0960001,
,,,-989.999989542E-9,1.0720000,
,,,-979.999981610E-9,1.0640000,
,,,-969.999973677E-9,1.0560000,
,,,-959.999965744E-9,1.0480001,
,,,-949.999957811E-9,1.0400001,
,,,-939.999949878E-9,1.0400001,
,,,-929.999941945E-9,1.0320001,
,,,-919.999934013E-9,1.0320001,
,,,-909.999926080E-9,1.0320001,
,,,-899.999918147E-9,1.0400001,
,,,-889.999967058E-9,1.0480001,
,,,-879.999959125E-9,1.0560000,
,,,-869.999951192E-9,1.0640000,
,,,-859.999943259E-9,1.0720000,
,,,-849.999935326E-9,1.0640000,
,,,-839.999927393E-9,1.0480001,
,,,-829.999919461E-9,1.0480001,
,,,-819.999968371E-9,1.0480001,
,,,-809.999960438E-9,1.0320001,
,,,-799.999952505E-9,1.0400001,
,,,-789.999944573E-9,1.0240000,
,,,-779.999936640E-9,1.0240000,
,,,-769.999928707E-9,1.0480001,
,,,-759.999920774E-9,1.0720000,
,,,-749.999969685E-9,1.0720000,
,,,-739.999961752E-9,1.0800000,
,,,-729.999953819E-9,1.0640000,
,,,-719.999945886E-9,1.0720000,
,,,-709.999937953E-9,1.0640000,
,,,-699.999930021E-9,1.0400001,
,,,-689.999922088E-9,1.0400001,
,,,-679.999970998E-9,1.0240000,
,,,-669.999963065E-9,1.0320001,
,,,-659.999955133E-9,1.0320001,
,,,-649.999947200E-9,1.0320001,
,,,-639.999939267E-9,1.0400001,
,,,-629.999931334E-9,1.0640000,
,,,-619.999923401E-9,1.0720000,
,,,-609.999972312E-9,1.0720000,
,,,-599.999964379E-9,1.0560000,
,,,-589.999956446E-9,1.0640000,
,,,-579.999948513E-9,1.0480001,
,,,-569.999940581E-9,1.0400001,
,,,-559.999932648E-9,1.0320001,
,,,-549.999924715E-9,1.0240000,
,,,-539.999973626E-9,1.0240000,
,,,-529.999965693E-9,1.0240000,
,,,-519.999957760E-9,1.0400001,
,,,-509.999949827E-9,1.0400001,
,,,-499.999941894E-9,1.0720000,
,,,-489.999933961E-9,1.0720000,
,,,-479.999926029E-9,1.0640000,
,,,-469.999946517E-9,1.0720000,
,,,-459.999938585E-9,1.0560000,
,,,-449.999959073E-9,1.0480001,
,,,-439.999951141E-9,1.0400001,
,,,-429.999943208E-9,1.0400001,
,,,-419.999935275E-9,1.0400001,
,,,-409.999955764E-9,1.0320001,
,,,-399.99994783E-9,1.0240000,
,,,-389.99993990E-9,1.0400001,
,,,-379.99996039E-9,1.0560000,
,,,-369.99995245E-9,1.0720000,
,,,-359.99994452E-9,1.0800000,
,,,-349.99993659E-9,1.0640000,
,,,-339.99995708E-9,1.0640000,
,,,-329.99994914E-9,1.0560000,
,,,-319.99994121E-9,1.0480001,
,,,-309.99996170E-9,1.0400001,
,,,-299.99995377E-9,1.0320001,
,,,-289.99994584E-9,1.0240000,
,,,-279.99993790E-9,1.0320001,
,,,-269.99995839E-9,1.0320001,
,,,-259.99995046E-9,1.0400001,
,,,-249.99994253E-9,1.0720000,
,,,-239.99996301E-9,1.0720000,
,,,-229.99995508E-9,1.0800000,
,,,-219.99994715E-9,1.0720000,
,,,-209.99995343E-9,1.0560000,
,,,-199.99994549E-9,1.0480001,
,,,-189.99995177E-9,1.0400001,
,,,-179.99994384E-9,1.0320001,
,,,-169.99995012E-9,1.0160000,
,,,-159.99995640E-9,1.0320001,
,,,-149.99994846E-9,1.0320001,
,,,-139.9999547E-9,1.0400001,
,,,-129.9999468E-9,1.0400001,
,,,-119.9999531E-9,1.0640000,
,,,-109.9999523E-9,1.0640000,
,,,-99.999951431E-9,1.0880001,
,,,-89.999950603E-9,1.0640000,
,,,-79.999949776E-9,1.0640000,
,,,-69.999948948E-9,1.0480001,
,,,-59.999948121E-9,1.0480001,
,,,-49.99995085E-9,1.0400001,
,,,-39.99995357E-9,1.0320001,
,,,-29.99995274E-9,1.0240000,
,,,-19.9999519E-9,1.0320001,
,,,-9.999951978E-9,1.0400001,
,,,47.96163404E-15,1.0480001,
,,,10.0000479E-9,1.0560000,
,,,20.0000478E-9,1.0720000,
,,,30.00004867E-9,1.0720000,
,,,40.00004594E-9,1.0640000,
,,,50.00004677E-9,1.0480001,
,,,60.000047597E-9,1.0480001,
,,,70.000048424E-9,1.0400001,
,,,80.000049252E-9,1.0400001,
,,,90.000050079E-9,1.0400001,
,,,100.0000509E-9,1.0320001,
,,,110.0000446E-9,1.0320001,
,,,120.0000526E-9,1.0400001,
,,,130.0000463E-9,1.0560000,
,,,140.0000542E-9,1.0720000,
,,,150.00004794E-9,1.0800000,
,,,160.00004166E-9,1.0720000,
,,,170.00004959E-9,1.0640000,
,,,180.00004331E-9,1.0560000,
,,,190.00005125E-9,1.0480001,
,,,200.00004497E-9,1.0240000,
,,,210.00005290E-9,1.0400001,
,,,220.00004662E-9,1.0400001,
,,,230.00004035E-9,1.0320001,
,,,240.00004828E-9,1.0400001,
,,,250.00005621E-9,1.0400001,
,,,260.00003572E-9,1.0560000,
,,,270.00004366E-9,1.0720000,
,,,280.00005159E-9,1.0800000,
,,,290.00005952E-9,1.0800000,
,,,300.00003903E-9,1.0720000,
,,,310.00004697E-9,1.0560000,
,,,320.00005490E-9,1.0560000,
,,,330.00003441E-9,1.0480001,
,,,340.00004234E-9,1.0400001,
,,,350.00005028E-9,1.0320001,
,,,360.00005821E-9,1.0320001,
,,,370.00003772E-9,1.0400001,
,,,380.00004565E-9,1.0560000,
,,,390.00005359E-9,1.0640000,
,,,400.00003310E-9,1.0720000,
,,,410.000041029E-9,1.0800000,
,,,420.000048962E-9,1.0800000,
,,,430.000056895E-9,1.0640000,
,,,440.000036406E-9,1.0560000,
,,,450.000044339E-9,1.0400001,
,,,460.000052271E-9,1.0400001,
,,,470.000031783E-9,1.0400001,
,,,480.000039715E-9,1.0320001,
,,,490.000047648E-9,1.0320001,
,,,500.000055581E-9,1.0320001,
,,,510.000063514E-9,1.0480001,
,,,520.000071447E-9,1.0640000,
,,,530.000022536E-9,1.0720000,
,,,540.000030469E-9,1.0720000,
,,,550.000038402E-9,1.0720000,
,,,560.000046335E-9,1.0640000,
,,,570.000054267E-9,1.0560000,
,,,580.000062200E-9,1.0480001,
,,,590.000070133E-9,1.0400001,
,,,600.000021223E-9,1.0320001,
,,,610.000029155E-9,1.0320001,
,,,620.000037088E-9,1.0240000,
,,,630.000045021E-9,1.0320001,
,,,640.000052954E-9,1.0560000,
,,,650.000060887E-9,1.0720000,
,,,660.000068819E-9,1.0720000,
,,,670.000019909E-9,1.0720000,
,,,680.000027842E-9,1.0720000,
,,,690.000035775E-9,1.0640000,
,,,700.000043707E-9,1.0480001,
,,,710.000051640E-9,1.0480001,
,,,720.000059573E-9,1.0480001,
,,,730.000067506E-9,1.0240000,
,,,740.000018595E-9,1.0320001,
,,,750.000026528E-9,1.0320001,
,,,760.000034461E-9,1.0240000,
,,,770.000042394E-9,1.0560000,
,,,780.000050327E-9,1.0640000,
,,,790.000058259E-9,1.0800000,
,,,800.000066192E-9,1.0720000,
,,,810.000017282E-9,1.0640000,
,,,820.000025215E-9,1.0400001,
,,,830.000033147E-9,1.0480001,
,,,840.000041080E-9,1.0400001,
,,,850.000049013E-9,1.0320001,
,,,860.000056946E-9,1.0320001,
,,,870.000064879E-9,1.0320001,
,,,880.000015968E-9,1.0320001,
,,,890.000023901E-9,1.0400001,
,,,900.000031834E-9,1.0560000,
,,,910.000039767E-9,1.0800000,
,,,920.000047699E-9,1.0800000,
,,,930.000055632E-9,1.0800000,
,,,940.000063565E-9,1.0640000,
,,,950.000014655E-9,1.0480001,
,,,960.000079431E-9,1.0480001,
,,,970.000087364E-9,1.0480001,
,,,980.000095296E-9,1.0480001,
,,,989.999989542E-9,1.0400001,
,,,1.000000E-6,1.0320001,
,,,1.0100000E-6,1.0320001,
,,,1.0200000E-6,1.0320001,
,,,1.0300000E-6,1.0480001,
,,,1.0400000E-6,1.0720000,
,,,1.0500000E-6,1.0800000,
,,,1.0600000E-6,1.0640000,
,,,1.0700001E-6,1.0640000,
,,,1.0800001E-6,1.0560000,
,,,1.0900001E-6,1.0480001,
,,,1.1000001E-6,1.0320001,
,,,1.1100001E-6,1.0320001,
,,,1.1200001E-6,1.0320001,
,,,1.1300000E-6,1.0160000,
,,,1.1400000E-6,1.0320001,
,,,1.1500000E-6,1.0480001,
,,,1.1600000E-6,1.0720000,
,,,1.1700000E-6,1.0720000,
,,,1.1800000E-6,1.0720000,
,,,1.1900000E-6,1.0640000,
,,,1.2000000E-6,1.0560000,
,,,1.2100001E-6,1.0560000,
,,,1.2200001E-6,1.0480001,
,,,1.2300001E-6,1.0480001,
,,,1.2400001E-6,1.0480001,
,,,1.2500001E-6,1.0240000,
,,,1.2600001E-6,1.0400001,
,,,1.2700000E-6,1.0320001,
,,,1.2800000E-6,1.0480001,
,,,1.2900000E-6,1.0640000,
,,,1.3000000E-6,1.0640000,
,,,1.3100000E-6,1.0720000,
,,,1.3200000E-6,1.0640000,
,,,1.3300000E-6,1.0560000,
,,,1.3400000E-6,1.0400001,
,,,1.3500000E-6,1.0400001,
,,,1.3600001E-6,1.0400001,
,,,1.3700001E-6,1.0400001,
,,,1.3800001E-6,1.0240000,
,,,1.3900001E-6,1.0240000,
,,,1.4000001E-6,1.0480001,
,,,1.4100001E-6,1.0560000,
,,,1.4200000E-6,1.0720000,
,,,1.4300000E-6,1.0720000,
,,,1.4400000E-6,1.0720000,
,,,1.4500000E-6,1.0640000,
,,,1.4600000E-6,1.0640000,
,,,1.4700000E-6,1.0640000,
,,,1.4800000E-6,1.0400001,
,,,1.4900000E-6,1.0400001,
,,,1.5000001E-6,1.0400001,
,,,1.5100001E-6,1.0320001,
,,,1.5200001E-6,1.0320001,
,,,1.5300001E-6,1.0400001,
,,,1.5400001E-6,1.0560000,
,,,1.5500001E-6,1.0640000,
,,,1.5600000E-6,1.0800000,
,,,1.5700000E-6,1.0640000,
,,,1.5800000E-6,1.0560000,
,,,1.5900000E-6,1.0480001,
,,,1.6000000E-6,1.0400001,
,,,1.6100000E-6,1.0400001,
,,,1.6200000E-6,1.0320001,
,,,1.6300000E-6,1.0240000,
,,,1.6400001E-6,1.0240000,
,,,1.6500001E-6,1.0240000,
,,,1.6600001E-6,1.0400001,
,,,1.6700001E-6,1.0640000,
,,,1.6800001E-6,1.0720000,
,,,1.6900001E-6,1.0720000,
,,,1.7000000E-6,1.0640000,
,,,1.7100000E-6,1.0640000,
,,,1.7200000E-6,1.0480001,
,,,1.7300000E-6,1.0480001,
,,,1.7400000E-6,1.0480001,
,,,1.7500000E-6,1.0320001,
,,,1.7600000E-6,1.0400001,
,,,1.7700000E-6,1.0240000,
,,,1.7800000E-6,1.0400001,
,,,1.7900001E-6,1.0640000,
,,,1.8000001E-6,1.0640000,
,,,1.8100001E-6,1.0720000,
,,,1.8200001E-6,1.0720000,
,,,1.8300001E-6,1.0720000,
,,,1.8400000E-6,1.0560000,
,,,1.8500000E-6,1.0480001,
,,,1.8600000E-6,1.0400001,
,,,1.8700000E-6,1.0480001,
,,,1.8800000E-6,1.0320001,
,,,1.8900000E-6,1.0240000,
,,,1.9000000E-6,1.0240000,
,,,1.9100000E-6,1.0320001,
,,,1.9199999E-6,1.0560000,
,,,1.9300001E-6,1.0720000,
,,,1.9399999E-6,1.0800000,
,,,1.9500001E-6,1.0720000,
,,,1.9600000E-6,1.0640000,
,,,1.9700001E-6,1.0640000,
,,,1.9800000E-6,1.0560000,
,,,1.9900001E-6,1.0480001,
,,,2.0000000E-6,1.0320001,
,,,2.0100001E-6,1.0400001,
,,,2.0200000E-6,1.0320001,
,,,2.0300001E-6,1.0400001,
,,,2.0400000E-6,1.0400001,
,,,2.0500001E-6,1.0560000,
,,,2.0600000E-6,1.0720000,
,,,2.0699999E-6,1.0720000,
,,,2.0800001E-6,1.0640000,
,,,2.0900000E-6,1.0560000,
,,,2.1000001E-6,1.0560000,
,,,2.1100000E-6,1.0560000,
,,,2.1200001E-6,1.0400001,
,,,2.1300000E-6,1.0400001,
,,,2.1400001E-6,1.0320001,
,,,2.1500000E-6,1.0320001,
,,,2.1600001E-6,1.0320001,
,,,2.1700000E-6,1.0400001,
,,,2.1800001E-6,1.0560000,
,,,2.1900000E-6,1.0640000,
,,,2.1999999E-6,1.0720000,
,,,2.2100000E-6,1.0720000,
,,,2.2199999E-6,1.0720000,
,,,2.2300001E-6,1.0560000,
,,,2.2400000E-6,1.0480001,
,,,2.2500001E-6,1.0560000,
,,,2.2600000E-6,1.0320001,
,,,2.2700001E-6,1.0320001,
,,,2.2800000E-6,1.0320001,
,,,2.2900001E-6,1.0320001,
,,,2.3000000E-6,1.0480001,
,,,2.3100001E-6,1.0720000,
,,,2.3200000E-6,1.0720000,
,,,2.3300001E-6,1.0720000,
,,,2.3400000E-6,1.0720000,
,,,2.3499999E-6,1.0560000,
,,,2.3600001E-6,1.0560000,
,,,2.3699999E-6,1.0400001,
,,,2.3800001E-6,1.0320001,
,,,2.3900000E-6,1.0400001,
,,,2.4000001E-6,1.0240000,
,,,2.4100000E-6,1.0320001,
,,,2.4200001E-6,1.0160000,
,,,2.4300000E-6,1.0400001,
,,,2.4400001E-6,1.0560000,
,,,2.4500000E-6,1.0640000,
,,,2.4600001E-6,1.0640000,
,,,2.4700000E-6,1.0720000,
,,,2.4799999E-6,1.0640000,
,,,2.4900000E-6,1.0560000,
,,,2.4999999E-6,1.0400001,
,,,2.5100001E-6,1.0400001,
,,,2.5200000E-6,1.0320001,
,,,2.5300001E-6,1.0320001,
,,,2.5400000E-6,1.0160000,
,,,2.5500001E-6,1.0400001,
,,,2.5600000E-6,1.0640000,
,,,2.5700001E-6,1.0640000,
,,,2.5800000E-6,1.0720000,
,,,2.5900001E-6,1.0640000,
,,,2.6000000E-6,1.0560000,
,,,2.6100001E-6,1.0560000,
,,,2.6200000E-6,1.0480001,
,,,2.6299999E-6,1.0400001,
,,,2.6400000E-6,1.0240000,
,,,2.6499999E-6,1.0320001,
,,,2.6600001E-6,1.0320001,
,,,2.6700000E-6,1.0320001,
,,,2.6800001E-6,1.0400001,
,,,2.6900000E-6,1.0560000,
,,,2.7000001E-6,1.0800000,
,,,2.7100000E-6,1.0720000,
,,,2.72000011E-6,1.0640000,
,,,2.73000001E-6,1.0640000,
,,,2.74000013E-6,1.0560000,
,,,2.75000002E-6,1.0560000,
,,,2.76000014E-6,1.0480001,
,,,2.77000004E-6,1.0400001,
,,,2.77999993E-6,1.0320001,
,,,2.79000005E-6,1.0240000,
,,,2.79999995E-6,1.0240000,
,,,2.81000007E-6,1.0400001,
,,,2.81999996E-6,1.0560000,
,,,2.83000008E-6,1.0720000,
,,,2.83999998E-6,1.0720000,
,,,2.85000010E-6,1.0720000,
,,,2.86000000E-6,1.0640000,
,,,2.87000012E-6,1.0560000,
,,,2.88000001E-6,1.0560000,
,,,2.89000013E-6,1.0480001,
,,,2.90000003E-6,1.0320001,
,,,2.90999992E-6,1.0320001,
,,,2.92000004E-6,1.0400001,
,,,2.92999994E-6,1.0400001,
,,,2.94000006E-6,1.0480001,
,,,2.94999995E-6,1.0640000,
,,,2.96000007E-6,1.0880001,
,,,2.96999997E-6,1.0800000,
,,,2.98000009E-6,1.0640000,
,,,2.98999998E-6,1.0560000,
,,,3.00000011E-6,1.0560000,
,,,3.01000000E-6,1.0480001,
,,,3.02000012E-6,1.0480001,
,,,3.03000002E-6,1.0320001,
,,,3.04000014E-6,1.0400001,
,,,3.05000003E-6,1.0320001,
,,,3.05999993E-6,1.0480001,
,,,3.07000005E-6,1.0560000,
,,,3.07999994E-6,1.0720000,
,,,3.09000006E-6,1.0800000,
,,,3.09999996E-6,1.0800000,
,,,3.11000008E-6,1.0640000,
,,,3.11999997E-6,1.0560000,
,,,3.13000010E-6,1.0480001,
,,,3.13999999E-6,1.0400001,
,,,3.15000011E-6,1.0480001,
,,,3.16000001E-6,1.0240000,
,,,3.17000013E-6,1.0240000,
,,,3.18000002E-6,1.0240000,
,,,3.18999992E-6,1.0480001,
,,,3.20000004E-6,1.0560000,
,,,3.20999993E-6,1.0720000,
,,,3.22000005E-6,1.0800000,
,,,3.22999995E-6,1.0720000,
,,,3.24000007E-6,1.0720000,
,,,3.24999996E-6,1.0560000,
,,,3.26000008E-6,1.0400001,
,,,3.26999998E-6,1.0480001,
,,,3.28000010E-6,1.0240000,
,,,3.29000000E-6,1.0400001,
,,,3.30000012E-6,1.0320001,
,,,3.31000001E-6,1.0240000,
,,,3.32000013E-6,1.0480001,
,,,3.33000003E-6,1.0720000,
,,,3.33999992E-6,1.0720000,
,,,3.35000004E-6,1.0800000,
,,,3.35999994E-6,1.0720000,
,,,3.37000006E-6,1.0560000,
,,,3.37999995E-6,1.0560000,
,,,3.39000007E-6,1.0640000,
,,,3.39999997E-6,1.0400001,
,,,3.41000009E-6,1.0240000,
,,,3.41999998E-6,1.0240000,
,,,3.43000011E-6,1.0320001,
,,,3.44000000E-6,1.0320001,
,,,3.45000012E-6,1.0400001,
,,,3.46000002E-6,1.0640000,
,,,3.47000014E-6,1.0720000,
,,,3.48000003E-6,1.0640000,
,,,3.48999993E-6,1.0640000,
,,,3.50000005E-6,1.0560000,
,,,3.50999994E-6,1.0480001,
,,,3.52000006E-6,1.0480001,
,,,3.52999996E-6,1.0320001,
,,,3.54000008E-6,1.0400001,
,,,3.54999997E-6,1.0320001,
,,,3.56000010E-6,1.0240000,
,,,3.56999999E-6,1.0320001,
,,,3.58000011E-6,1.0400001,
,,,3.59000001E-6,1.0640000,
,,,3.60000013E-6,1.0800000,
,,,3.61000002E-6,1.0800000,
,,,3.61999992E-6,1.0720000,
,,,3.63000004E-6,1.0560000,
,,,3.63999993E-6,1.0560000,
,,,3.65000005E-6,1.0480001,
,,,3.65999995E-6,1.0400001,
,,,3.67000007E-6,1.0320001,
,,,3.67999996E-6,1.0320001,
,,,3.69000009E-6,1.0320001,
,,,3.69999998E-6,1.0320001,
,,,3.71000010E-6,1.0640000,
,,,3.72000000E-6,1.0800000,
,,,3.73000012E-6,1.0720000,
,,,3.74000001E-6,1.0800000,
,,,3.75000013E-6,1.0560000,
,,,3.76000003E-6,1.0640000,
,,,3.76999992E-6,1.0560000,
,,,3.78000004E-6,1.0400001,
,,,3.78999994E-6,1.0320001,
,,,3.80000006E-6,1.0320001,
,,,3.80999995E-6,1.0320001,
,,,3.82000007E-6,1.0320001,
,,,3.82999997E-6,1.0480001,
,,,3.83999986E-6,1.0560000,
,,,3.85000021E-6,1.0640000,
,,,3.86000011E-6,1.0720000,
,,,3.87000000E-6,1.0720000,
,,,3.87999989E-6,1.0640000,
,,,3.89000024E-6,1.0560000,
,,,3.90000014E-6,1.0640000,
,,,3.91000003E-6,1.0400001,
,,,3.91999993E-6,1.0400001,
,,,3.92999982E-6,1.0320001,
,,,3.94000017E-6,1.0320001,
,,,3.95000006E-6,1.0400001,
,,,3.95999996E-6,1.0400001,
,,,3.96999985E-6,1.0640000,
,,,3.98000020E-6,1.0720000,
,,,3.99000010E-6,1.0720000,
,,,3.99999999E-6,1.0720000,
,,,4.00999988E-6,1.0720000,
,,,4.02000023E-6,1.0640000,
,,,4.03000013E-6,1.0480001,
,,,4.04000002E-6,1.0480001,
,,,4.04999992E-6,1.0400001,
,,,4.05999981E-6,1.0400001,
,,,4.07000016E-6,1.0240000,
,,,4.08000005E-6,1.0320001,
,,,4.08999995E-6,1.0480001,
,,,4.09999984E-6,1.0640000,
,,,4.11000019E-6,1.0720000,
,,,4.12000009E-6,1.0800000,
,,,4.12999998E-6,1.0640000,
,,,4.13999987E-6,1.0560000,
,,,4.15000022E-6,1.0480001,
,,,4.16000012E-6,1.0400001,
,,,4.17000001E-6,1.0400001,
,,,4.17999991E-6,1.0320001,
,,,4.18999980E-6,1.0240000,
,,,4.20000015E-6,1.0400001,
,,,4.21000004E-6,1.0320001,
,,,4.21999994E-6,1.0640000,
,,,4.22999983E-6,1.0800000,
,,,4.24000018E-6,1.0880001,
,,,4.25000007E-6,1.0720000,
,,,4.25999997E-6,1.0720000,
,,,4.26999986E-6,1.0560000,
,,,4.28000021E-6,1.0480001,
,,,4.29000011E-6,1.0560000,
,,,4.30000000E-6,1.0480001,
,,,4.30999989E-6,1.0320001,
,,,4.32000024E-6,1.0320001,
,,,4.33000014E-6,1.0240000,
,,,4.34000003E-6,1.0400001,
,,,4.34999993E-6,1.0560000,
,,,4.35999982E-6,1.0720000,
,,,4.37000017E-6,1.0720000,
,,,4.38000006E-6,1.0720000,
,,,4.38999996E-6,1.0640000,
,,,4.39999985E-6,1.0560000,
,,,4.41000020E-6,1.0480001,
,,,4.42000010E-6,1.0400001,
,,,4.42999999E-6,1.0400001,
,,,4.43999988E-6,1.0320001,
,,,4.45000023E-6,1.0240000,
,,,4.46000013E-6,1.0320001,
,,,4.47000002E-6,1.0400001,
,,,4.47999992E-6,1.0560000,
,,,4.48999981E-6,1.0800000,
,,,4.50000016E-6,1.0720000,
,,,4.51000005E-6,1.0720000,
,,,4.51999995E-6,1.0640000,
,,,4.52999984E-6,1.0640000,
,,,4.54000019E-6,1.0480001,
,,,4.55000009E-6,1.0400001,
,,,4.55999998E-6,1.0400001,
,,,4.56999987E-6,1.0320001,
,,,4.58000022E-6,1.0240000,
,,,4.59000012E-6,1.0320001,
,,,4.60000001E-6,1.0400001,
,,,4.60999991E-6,1.0640000,
,,,4.61999980E-6,1.0640000,
,,,4.63000015E-6,1.0720000,
,,,4.64000004E-6,1.0720000,
,,,4.64999994E-6,1.0640000,
,,,4.65999983E-6,1.0480001,
,,,4.67000018E-6,1.0480001,
,,,4.68000007E-6,1.0480001,
,,,4.68999997E-6,1.0320001,
,,,4.69999986E-6,1.0400001,
,,,4.71000021E-6,1.0320001,
,,,4.72000011E-6,1.0240000,
,,,4.73000000E-6,1.0480001,
,,,4.73999989E-6,1.0640000,
,,,4.75000024E-6,1.0880001,
,,,4.76000014E-6,1.0720000,
,,,4.77000003E-6,1.0720000,
,,,4.77999993E-6,1.0480001,
,,,4.78999982E-6,1.0480001,
,,,4.80000017E-6,1.0400001,
,,,4.81000006E-6,1.0480001,
,,,4.81999996E-6,1.0400001,
,,,4.82999985E-6,1.0320001,
,,,4.84000020E-6,1.0320001,
,,,4.85000010E-6,1.0400001,
,,,4.85999999E-6,1.0480001,
,,,4.86999988E-6,1.0640000,
,,,4.88000023E-6,1.0720000,
,,,4.89000013E-6,1.0800000,
,,,4.90000002E-6,1.0720000,
,,,4.90999992E-6,1.0640000,
,,,4.91999981E-6,1.0480001,
,,,4.93000016E-6,1.0480001,
,,,4.94000005E-6,1.0480001,
,,,4.94999995E-6,1.0400001,
,,,4.95999984E-6,1.0320001,
,,,4.97000019E-6,1.0240000,
,,,4.98000009E-6,1.0320001,
,,,4.98999998E-6,1.0400001,
,,,4.99999987E-6,1.0640000,
,,,5.01000022E-6,1.0800000,
,,,5.02000012E-6,1.0560000,
,,,5.03000001E-6,1.0720000,
,,,5.03999991E-6,1.0640000,
,,,5.04999980E-6,1.0560000,
,,,5.06000015E-6,1.0400001,
,,,5.07000004E-6,1.0320001,
,,,5.07999994E-6,1.0400001,
,,,5.08999983E-6,1.0240000,
,,,5.10000018E-6,1.0240000,
,,,5.11000007E-6,1.0320001,
,,,5.11999997E-6,1.0560000,
,,,5.12999986E-6,1.0720000,
,,,5.14000021E-6,1.0800000,
,,,5.15000011E-6,1.0720000,
,,,5.16000000E-6,1.0640000,
,,,5.16999989E-6,1.0640000,
,,,5.17999979E-6,1.0480001,
,,,5.19000014E-6,1.0480001,
,,,5.20000003E-6,1.0480001,
,,,5.20999993E-6,1.0320001,
,,,5.21999982E-6,1.0320001,
,,,5.23000017E-6,1.0240000,
,,,5.24000006E-6,1.0400001,
,,,5.24999996E-6,1.0560000,
,,,5.25999985E-6,1.0640000,
,,,5.27000020E-6,1.0720000,
,,,5.28000010E-6,1.0640000,
,,,5.28999999E-6,1.0720000,
,,,5.29999988E-6,1.0400001,
,,,5.31000023E-6,1.0400001,
,,,5.32000013E-6,1.0480001,
,,,5.33000002E-6,1.0400001,
,,,5.33999992E-6,1.0320001,
,,,5.34999981E-6,1.0240000,
,,,5.36000016E-6,1.0240000,
,,,5.37000005E-6,1.0400001,
,,,5.37999995E-6,1.0640000,
,,,5.38999984E-6,1.0720000,
,,,5.40000019E-6,1.0640000,
,,,5.41000009E-6,1.0720000,
,,,5.41999998E-6,1.0640000,
,,,5.42999987E-6,1.0640000,
,,,5.44000022E-6,1.0560000,
,,,5.45000012E-6,1.0480001,
,,,5.46000001E-6,1.0400001,
,,,5.46999991E-6,1.0320001,
,,,5.47999980E-6,1.0400001,
,,,5.49000015E-6,1.0400001,
,,,5.50000004E-6,1.0480001,
,,,5.50999994E-6,1.0560000,
,,,5.51999983E-6,1.0720000,
,,,5.53000018E-6,1.0720000,
,,,5.54000007E-6,1.0640000,
,,,5.54999997E-6,1.0640000,
,,,5.55999986E-6,1.0480001,
,,,5.57000021E-6,1.0480001,
,,,5.58000011E-6,1.0320001,
,,,5.59000000E-6,1.0320001,
,,,5.59999989E-6,1.0320001,
,,,5.60999979E-6,1.0240000,
,,,5.62000014E-6,1.0320001,
,,,5.63000003E-6,1.0560000,
,,,5.63999993E-6,1.0720000,
,,,5.64999982E-6,1.0640000,
,,,5.66000017E-6,1.0720000,
,,,5.67000006E-6,1.0720000,
,,,5.67999996E-6,1.0640000,
,,,5.68999985E-6,1.0560000,
,,,5.70000020E-6,1.0560000,
,,,5.71000010E-6,1.0400001,
,,,5.71999999E-6,1.0320001,
,,,5.72999988E-6,1.0320001,
,,,5.74000023E-6,1.0320001,
,,,5.75000013E-6,1.0400001,
,,,5.76000002E-6,1.0560000,
,,,5.76999992E-6,1.0560000,
,,,5.77999981E-6,1.0720000,
,,,5.79000016E-6,1.0720000,
,,,5.80000005E-6,1.0720000,
,,,5.80999995E-6,1.0560000,
,,,5.81999984E-6,1.0480001,
,,,5.83000019E-6,1.0400001,
,,,5.84000009E-6,1.0400001,
,,,5.84999998E-6,1.0400001,
,,,5.85999987E-6,1.0240000,
,,,5.87000022E-6,1.0320001,
,,,5.88000012E-6,1.0400001,
,,,5.89000001E-6,1.0560000,
,,,5.89999991E-6,1.0720000,
,,,5.90999980E-6,1.0800000,
,,,5.92000015E-6,1.0800000,
,,,5.93000004E-6,1.0800000,
,,,5.93999994E-6,1.0640000,
,,,5.94999983E-6,1.0480001,
,,,5.96000018E-6,1.0480001,
,,,5.97000007E-6,1.0400001,
,,,5.97999997E-6,1.0320001,
,,,5.98999986E-6,1.0400001,
,,,6.00000021E-6,1.0240000,
,,,6.01000011E-6,1.0400001,
,,,6.02000000E-6,1.0640000,
,,,6.02999989E-6,1.0720000,
,,,6.03999979E-6,1.0720000,
,,,6.05000014E-6,1.0640000,
,,,6.06000003E-6,1.0480001,
,,,6.06999993E-6,1.0640000,
,,,6.07999982E-6,1.0400001,
,,,6.09000017E-6,1.0400001,
,,,6.10000006E-6,1.0400001,
,,,6.10999996E-6,1.0400001,
,,,6.11999985E-6,1.0320001,
,,,6.13000020E-6,1.0320001,
,,,6.14000010E-6,1.0400001,
,,,6.14999999E-6,1.0640000,
,,,6.15999988E-6,1.0800000,
,,,6.17000023E-6,1.0800000,
,,,6.18000013E-6,1.0800000,
,,,6.19000002E-6,1.0720000,
,,,6.19999992E-6,1.0560000,
,,,6.20999981E-6,1.0560000,
,,,6.22000016E-6,1.0480001,
,,,6.23000005E-6,1.0400001,
,,,6.23999995E-6,1.0400001,
,,,6.24999984E-6,1.0240000,
,,,6.26000019E-6,1.0320001,
,,,6.27000009E-6,1.0480001,
,,,6.27999998E-6,1.0640000,
,,,6.28999987E-6,1.0560000,
,,,6.30000022E-6,1.0640000,
,,,6.31000012E-6,1.0720000,
,,,6.32000001E-6,1.0640000,
,,,6.32999991E-6,1.0480001,
,,,6.33999980E-6,1.0480001,
,,,6.35000015E-6,1.0320001,
,,,6.36000004E-6,1.0240000,
,,,6.36999994E-6,1.0400001,
,,,6.37999983E-6,1.0240000,
,,,6.39000018E-6,1.0240000,
,,,6.40000007E-6,1.0480001,
,,,6.40999997E-6,1.0720000,
,,,6.41999986E-6,1.0800000,
,,,6.43000021E-6,1.0880001,
,,,6.44000011E-6,1.0720000,
,,,6.45000000E-6,1.0560000,
,,,6.45999990E-6,1.0560000,
,,,6.46999979E-6,1.0640000,
,,,6.48000014E-6,1.0480001,
,,,6.49000003E-6,1.0320001,
,,,6.49999993E-6,1.0240000,
,,,6.50999982E-6,1.0400001,
,,,6.52000017E-6,1.0240000,
,,,6.53000006E-6,1.0400001,
,,,6.53999996E-6,1.0720000,
,,,6.54999985E-6,1.0640000,
,,,6.56000020E-6,1.0640000,
,,,6.57000010E-6,1.0640000,
,,,6.57999999E-6,1.0640000,
,,,6.58999988E-6,1.0400001,
,,,6.60000023E-6,1.0320001,
,,,6.61000013E-6,1.0320001,
,,,6.62000002E-6,1.0320001,
,,,6.62999992E-6,1.0320001,
,,,6.63999981E-6,1.0320001,
,,,6.65000016E-6,1.0400001,
,,,6.66000005E-6,1.0640000,
,,,6.66999995E-6,1.0640000,
,,,6.67999984E-6,1.0800000,
,,,6.69000019E-6,1.0720000,
,,,6.70000009E-6,1.0640000,
,,,6.70999998E-6,1.0720000,
,,,6.71999987E-6,1.0480001,
,,,6.73000022E-6,1.0480001,
,,,6.74000012E-6,1.0400001,
,,,6.75000001E-6,1.0320001,
,,,6.75999991E-6,1.0320001,
,,,6.76999980E-6,1.0320001,
,,,6.78000015E-6,1.0400001,
,,,6.79000004E-6,1.0640000,
,,,6.79999994E-6,1.0720000,
,,,6.80999983E-6,1.0640000,
,,,6.82000018E-6,1.0640000,
,,,6.83000007E-6,1.0720000,
,,,6.83999997E-6,1.0480001,
,,,6.84999986E-6,1.0400001,
,,,6.86000021E-6,1.0400001,
,,,6.87000011E-6,1.0320001,
,,,6.88000000E-6,1.0400001,
,,,6.88999990E-6,1.0240000,
,,,6.89999979E-6,1.0320001,
,,,6.91000014E-6,1.0560000,
,,,6.92000003E-6,1.0640000,
,,,6.92999993E-6,1.0720000,
,,,6.93999982E-6,1.0640000,
,,,6.95000017E-6,1.0640000,
,,,6.96000006E-6,1.0720000,
,,,6.96999996E-6,1.0560000,
,,,6.97999985E-6,1.0560000,
,,,6.99000020E-6,1.0400001,
,,,7.00000010E-6,1.0320001,
,,,7.00999999E-6,1.0400001,
,,,7.01999988E-6,1.0320001,
,,,7.02999978E-6,1.0400001,
,,,7.04000013E-6,1.0400001,
,,,7.05000002E-6,1.0560000,
,,,7.05999992E-6,1.0800000,
,,,7.06999981E-6,1.0720000,
,,,7.08000016E-6,1.0640000,
,,,7.09000005E-6,1.0640000,
,,,7.09999995E-6,1.0480001,
,,,7.10999984E-6,1.0400001,
,,,7.12000019E-6,1.0400001,
,,,7.13000009E-6,1.0240000,
,,,7.13999998E-6,1.0320001,
,,,7.14999987E-6,1.0320001,
,,,7.16000022E-6,1.0320001,
,,,7.17000012E-6,1.0480001,
,,,7.18000001E-6,1.0640000,
,,,7.18999991E-6,1.0720000,
,,,7.19999980E-6,1.0800000,
,,,7.21000015E-6,1.0640000,
,,,7.22000004E-6,1.0560000,
,,,7.22999994E-6,1.0560000,
,,,7.23999983E-6,1.0400001,
,,,7.25000018E-6,1.0400001,
,,,7.26000007E-6,1.0400001,
,,,7.26999997E-6,1.0320001,
,,,7.27999986E-6,1.0320001,
,,,7.29000021E-6,1.0400001,
,,,7.30000011E-6,1.0560000,
,,,7.31000000E-6,1.0800000,
,,,7.31999990E-6,1.0720000,
,,,7.32999979E-6,1.0800000,
,,,7.34000014E-6,1.0640000,
,,,7.35000003E-6,1.0640000,
,,,7.35999993E-6,1.0560000,
,,,7.36999982E-6,1.0320001,
,,,7.38000017E-6,1.0240000,
,,,7.390000064E-6,1.0320001,
,,,7.399999959E-6,1.0320001,
,,,7.409999853E-6,1.0240000,
,,,7.420000202E-6,1.0400001,
,,,7.430000096E-6,1.0560000,
,,,7.439999990E-6,1.0640000,
,,,7.449999885E-6,1.0720000,
,,,7.459999779E-6,1.0720000,
,,,7.470000128E-6,1.0640000,
,,,7.480000022E-6,1.0480001,
,,,7.489999916E-6,1.0480001,
,,,7.499999811E-6,1.0480001,
,,,7.510000160E-6,1.0320001,
,,,7.520000054E-6,1.0320001,
,,,7.529999948E-6,1.0240000,
,,,7.539999842E-6,1.0320001,
,,,7.550000191E-6,1.0400001,
,,,7.560000086E-6,1.0640000,
,,,7.569999980E-6,1.0800000,
,,,7.579999874E-6,1.0720000,
,,,7.590000223E-6,1.0640000,
,,,7.600000117E-6,1.0560000,
,,,7.610000011E-6,1.0560000,
,,,7.619999906E-6,1.0640000,
,,,7.630000255E-6,1.0400001,
,,,7.640000149E-6,1.0240000,
,,,7.650000043E-6,1.0400001,
,,,7.659999937E-6,1.0240000,
,,,7.669999832E-6,1.0400001,
,,,7.679999726E-6,1.0560000,
,,,7.689999620E-6,1.0560000,
,,,7.700000424E-6,1.0720000,
,,,7.710000318E-6,1.0720000,
,,,7.720000212E-6,1.0720000,
,,,7.730000107E-6,1.0560000,
,,,7.740000001E-6,1.0480001,
,,,7.749999895E-6,1.0400001,
,,,7.759999789E-6,1.0320001,
,,,7.769999684E-6,1.0320001,
,,,7.779999578E-6,1.0400001,
,,,7.790000382E-6,1.0320001,
,,,7.800000276E-6,1.0320001,
,,,7.810000170E-6,1.0480001,
,,,7.820000064E-6,1.0720000,
,,,7.829999959E-6,1.0720000,
,,,7.839999853E-6,1.0720000,
,,,7.849999747E-6,1.0720000,
,,,7.859999641E-6,1.0560000,
,,,7.870000445E-6,1.0560000,
,,,7.880000339E-6,1.0400001,
,,,7.890000234E-6,1.0320001,
,,,7.900000128E-6,1.0400001,
,,,7.910000022E-6,1.0400001,
,,,7.919999916E-6,1.0320001,
,,,7.929999811E-6,1.0400001,
,,,7.939999705E-6,1.0480001,
,,,7.949999599E-6,1.0720000,
,,,7.960000403E-6,1.0720000,
,,,7.970000297E-6,1.0640000,
,,,7.980000191E-6,1.0560000,
,,,7.990000086E-6,1.0480001,
,,,7.999999980E-6,1.0480001,
,,,8.009999874E-6,1.0480001,
,,,8.019999768E-6,1.0320001,
,,,8.029999663E-6,1.0320001,
,,,8.039999557E-6,1.0240000,
,,,8.050000361E-6,1.0400001,
,,,8.060000255E-6,1.0480001,
,,,8.070000149E-6,1.0720000,
,,,8.080000043E-6,1.0720000,
,,,8.089999938E-6,1.0800000,
,,,8.099999832E-6,1.0720000,
,,,8.109999726E-6,1.0720000,
,,,8.119999620E-6,1.0560000,
,,,8.130000424E-6,1.0480001,
,,,8.140000318E-6,1.0480001,
,,,8.150000212E-6,1.0400001,
,,,8.160000107E-6,1.0320001,
,,,8.170000001E-6,1.0320001,
,,,8.179999895E-6,1.0240000,
,,,8.189999789E-6,1.0480001,
,,,8.199999684E-6,1.0640000,
,,,8.209999578E-6,1.0720000,
,,,8.220000382E-6,1.0720000,
,,,8.230000276E-6,1.0640000,
,,,8.240000170E-6,1.0640000,
,,,8.250000064E-6,1.0560000,
,,,8.259999959E-6,1.0480001,
,,,8.269999853E-6,1.0400001,
,,,8.279999747E-6,1.0400001,
,,,8.289999641E-6,1.0320001,
,,,8.300000445E-6,1.0400001,
,,,8.310000339E-6,1.0320001,
,,,8.320000234E-6,1.0640000,
,,,8.330000128E-6,1.0640000,
,,,8.340000022E-6,1.0800000,
,,,8.349999916E-6,1.0880001,
,,,8.359999811E-6,1.0640000,
,,,8.369999705E-6,1.0640000,
,,,8.379999599E-6,1.0560000,
,,,8.390000403E-6,1.0480001,
,,,8.400000297E-6,1.0320001,
,,,8.410000191E-6,1.0320001,
,,,8.420000086E-6,1.0320001,
,,,8.429999980E-6,1.0320001,
,,,8.439999874E-6,1.0400001,
,,,8.449999768E-6,1.0640000,
,,,8.459999663E-6,1.0640000,
,,,8.469999557E-6,1.0720000,
,,,8.480000361E-6,1.0720000,
,,,8.490000255E-6,1.0720000,
,,,8.500000149E-6,1.0640000,
,,,8.510000043E-6,1.0480001,
,,,8.519999938E-6,1.0480001,
,,,8.529999832E-6,1.0400001,
,,,8.539999726E-6,1.0400001,
,,,8.549999620E-6,1.0400001,
,,,8.560000424E-6,1.0320001,
,,,8.570000318E-6,1.0480001,
,,,8.580000213E-6,1.0640000,
,,,8.590000107E-6,1.0720000,
,,,8.600000001E-6,1.0800000,
,,,8.609999895E-6,1.0720000,
,,,8.619999790E-6,1.0560000,
,,,8.629999684E-6,1.0560000,
,,,8.639999578E-6,1.0480001,
,,,8.650000382E-6,1.0400001,
,,,8.660000276E-6,1.0400001,
,,,8.670000170E-6,1.0400001,
,,,8.680000064E-6,1.0240000,
,,,8.689999959E-6,1.0400001,
,,,8.699999853E-6,1.0560000,
,,,8.709999747E-6,1.0560000,
,,,8.719999641E-6,1.0720000,
,,,8.730000445E-6,1.0800000,
,,,8.740000339E-6,1.0720000,
,,,8.750000234E-6,1.0640000,
,,,8.760000128E-6,1.0640000,
,,,8.770000022E-6,1.0480001,
,,,8.779999916E-6,1.0480001,
,,,8.789999811E-6,1.0400001,
,,,8.799999705E-6,1.0240000,
,,,8.809999599E-6,1.0400001,
,,,8.820000403E-6,1.0400001,
,,,8.830000297E-6,1.0480001,
,,,8.840000191E-6,1.0640000,
,,,8.850000086E-6,1.0640000,
,,,8.859999980E-6,1.0720000,
,,,8.869999874E-6,1.0640000,
,,,8.879999768E-6,1.0560000,
,,,8.889999663E-6,1.0480001,
,,,8.899999557E-6,1.0480001,
,,,8.910000361E-6,1.0400001,
,,,8.920000255E-6,1.0320001,
,,,8.930000149E-6,1.0320001,
,,,8.940000043E-6,1.0240000,
,,,8.949999938E-6,1.0320001,
,,,8.959999832E-6,1.0480001,
,,,8.969999726E-6,1.0640000,
,,,8.979999620E-6,1.0720000,
,,,8.990000424E-6,1.0720000,
,,,9.000000318E-6,1.0560000,
,,,9.010000213E-6,1.0640000,
,,,9.020000107E-6,1.0560000,
,,,9.030000001E-6,1.0400001,
,,,9.039999895E-6,1.0400001,
,,,9.049999790E-6,1.0320001,
,,,9.059999684E-6,1.0320001,
,,,9.069999578E-6,1.0320001,
,,,9.080000382E-6,1.0400001,
,,,9.090000276E-6,1.0480001,
,,,9.100000170E-6,1.0640000,
,,,9.110000065E-6,1.0640000,
,,,9.119999959E-6,1.0640000,
,,,9.129999853E-6,1.0640000,
,,,9.139999747E-6,1.0560000,
,,,9.149999642E-6,1.0480001,
,,,9.160000445E-6,1.0480001,
,,,9.170000340E-6,1.0320001,
,,,9.180000234E-6,1.0400001,
,,,9.190000128E-6,1.0320001,
,,,9.200000022E-6,1.0320001,
,,,9.209999916E-6,1.0480001,
,,,9.219999811E-6,1.0480001,
,,,9.229999705E-6,1.0640000,
,,,9.239999599E-6,1.0800000,
,,,9.250000403E-6,1.0720000,
,,,9.260000297E-6,1.0560000,
,,,9.270000191E-6,1.0560000,
,,,9.280000086E-6,1.0640000,
,,,9.289999980E-6,1.0560000,
,,,9.299999874E-6,1.0400001,
,,,9.309999768E-6,1.0320001,
,,,9.319999663E-6,1.0320001,
,,,9.329999557E-6,1.0320001,
,,,9.340000361E-6,1.0320001,
,,,9.350000255E-6,1.0480001,
,,,9.360000149E-6,1.0720000,
,,,9.370000043E-6,1.0720000,
,,,9.379999938E-6,1.0720000,
,,,9.389999832E-6,1.0720000,
,,,9.399999726E-6,1.0560000,
,,,9.409999620E-6,1.0480001,
,,,9.420000424E-6,1.0480001,
,,,9.430000318E-6,1.0400001,
,,,9.440000213E-6,1.0320001,
,,,9.450000107E-6,1.0400001,
,,,9.460000001E-6,1.0320001,
,,,9.469999895E-6,1.0400001,
,,,9.479999790E-6,1.0720000,
,,,9.489999684E-6,1.0800000,
,,,9.499999578E-6,1.0720000,
,,,9.510000382E-6,1.0720000,
,,,9.520000276E-6,1.0560000,
,,,9.530000170E-6,1.0560000,
,,,9.540000065E-6,1.0560000,
,,,9.549999959E-6,1.0480001,
,,,9.559999853E-6,1.0320001,
,,,9.569999747E-6,1.0160000,
,,,9.579999642E-6,1.0320001,
,,,9.589999536E-6,1.0320001,
,,,9.600000340E-6,1.0560000,
,,,9.610000234E-6,1.0720000,
,,,9.620000128E-6,1.0640000,
,,,9.630000022E-6,1.0800000,
,,,9.639999917E-6,1.0640000,
,,,9.649999811E-6,1.0720000,
,,,9.659999705E-6,1.0640000,
,,,9.669999599E-6,1.0400001,
,,,9.680000403E-6,1.0400001,
,,,9.690000297E-6,1.0320001,
,,,9.700000192E-6,1.0400001,
,,,9.710000086E-6,1.0400001,
,,,9.719999980E-6,1.0240000,
,,,9.729999874E-6,1.0400001,
,,,9.739999768E-6,1.0480001,
,,,9.749999663E-6,1.0720000,
,,,9.759999557E-6,1.0800000,
,,,9.770000361E-6,1.0640000,
,,,9.780000255E-6,1.0640000,
,,,9.790000149E-6,1.0480001,
,,,9.800000043E-6,1.0480001,
,,,9.809999938E-6,1.0400001,
,,,9.819999832E-6,1.0320001,
,,,9.829999726E-6,1.0320001,
,,,9.839999620E-6,1.0320001,
,,,9.850000424E-6,1.0400001,
,,,9.860000318E-6,1.0560000,
,,,9.870000213E-6,1.0560000,
,,,9.880000107E-6,1.0800000,
,,,9.890000001E-6,1.0800000,
,,,9.899999895E-6,1.0640000,
,,,9.909999790E-6,1.0640000,
,,,9.919999684E-6,1.0480001,
,,,9.929999578E-6,1.0480001,
,,,9.940000382E-6,1.0320001,
,,,9.950000276E-6,1.0320001,
,,,9.960000170E-6,1.0320001,
,,,9.970000065E-6,1.0240000,
,,,9.979999959E-6,1.0400001,
,,,9.989999853E-6,1.0560000,
,,,9.999999747E-6,1.0640000,
,,,10.0099996E-6,1.0640000,
,,,10.0199995E-6,1.0640000,
,,,10.0300003E-6,1.0720000,
,,,10.0400002E-6,1.0640000,
,,,10.0500001E-6,1.0480001,
,,,10.0600000E-6,1.0480001,
,,,10.0699999E-6,1.0480001,
,,,10.0799998E-6,1.0400001,
,,,10.0899997E-6,1.0400001,
,,,10.0999996E-6,1.0160000,
,,,10.1100004E-6,1.0320001,
,,,10.1200003E-6,1.0640000,
,,,10.1300002E-6,1.0720000,
,,,10.1400001E-6,1.0800000,
,,,10.1500000E-6,1.0800000,
,,,10.1599999E-6,1.0640000,
,,,10.1699998E-6,1.0640000,
,,,10.1799997E-6,1.0560000,
,,,10.1899996E-6,1.0480001,
,,,10.2000004E-6,1.0480001,
,,,10.2100003E-6,1.0240000,
,,,10.2200001E-6,1.0320001,
,,,10.2300000E-6,1.0240000,
,,,10.2399999E-6,1.0400001,
,,,10.2499998E-6,1.0560000,
,,,10.2599997E-6,1.0720000,
,,,10.2699996E-6,1.0720000,
,,,10.2800004E-6,1.0720000,
,,,10.2900003E-6,1.0560000,
,,,10.3000002E-6,1.0560000,
,,,10.3100001E-6,1.0480001,
,,,10.3200000E-6,1.0400001,
,,,10.3299999E-6,1.0400001,
,,,10.3399998E-6,1.0320001,
,,,10.3499997E-6,1.0160000,
,,,10.3599996E-6,1.0240000,
,,,10.3700004E-6,1.0480001,
,,,10.3800003E-6,1.0640000,
,,,10.3900002E-6,1.0800000,
,,,10.4000001E-6,1.0720000,
,,,10.4100000E-6,1.0640000,
,,,10.4199999E-6,1.0640000,
,,,10.4299997E-6,1.0640000,
,,,10.4399996E-6,1.0480001,
,,,10.4499995E-6,1.0400001,
,,,10.4600003E-6,1.0400001,
,,,10.4700002E-6,1.0320001,
,,,10.4800001E-6,1.0320001,
,,,10.4900000E-6,1.0240000,
,,,10.4999999E-6,1.0480001,
,,,10.5099998E-6,1.0560000,
,,,10.5199997E-6,1.0640000,
,,,10.5299996E-6,1.0640000,
,,,10.5400004E-6,1.0640000,
,,,10.5500003E-6,1.0480001,
,,,10.5600002E-6,1.0480001,
,,,10.5700001E-6,1.0480001,
,,,10.5800000E-6,1.0400001,
,,,10.5899999E-6,1.0320001,
,,,10.5999998E-6,1.0240000,
,,,10.6099997E-6,1.0320001,
,,,10.6199996E-6,1.0400001,
,,,10.6300004E-6,1.0480001,
,,,10.6400003E-6,1.0720000,
,,,10.6500001E-6,1.0800000,
,,,10.6600000E-6,1.0720000,
,,,10.6699999E-6,1.0800000,
,,,10.6799998E-6,1.0640000,
,,,10.6899997E-6,1.0640000,
,,,10.6999996E-6,1.0480001,
,,,10.7100004E-6,1.0400001,
,,,10.7200003E-6,1.0320001,
,,,10.7300002E-6,1.0400001,
,,,10.7400001E-6,1.0320001,
,,,10.7500000E-6,1.0400001,
,,,10.7599999E-6,1.0400001,
,,,10.7699998E-6,1.0640000,
,,,10.7799997E-6,1.0640000,
,,,10.7899996E-6,1.0720000,
,,,10.8000004E-6,1.0640000,
,,,10.8100003E-6,1.0560000,
,,,10.8200002E-6,1.0480001,
,,,10.8300001E-6,1.0400001,
,,,10.8400000E-6,1.0400001,
,,,10.8499999E-6,1.0320001,
,,,10.8599997E-6,1.0320001,
,,,10.8699996E-6,1.0320001,
,,,10.8799995E-6,1.0480001,
,,,10.8900003E-6,1.0720000,
,,,10.9000002E-6,1.0720000,
,,,10.9100001E-6,1.0800000,
,,,10.9200000E-6,1.0720000,
,,,10.9299999E-6,1.0560000,
,,,10.9399998E-6,1.0560000,
,,,10.9499997E-6,1.0400001,
,,,10.9599996E-6,1.0400001,
,,,10.9700004E-6,1.0400001,
,,,10.9800003E-6,1.0320001,
,,,10.9900002E-6,1.0320001,
,,,11.0000001E-6,1.0240000,
,,,11.0100000E-6,1.0480001,
,,,11.0199999E-6,1.0720000,
,,,11.0299998E-6,1.0720000,
,,,11.0399997E-6,1.0720000,
,,,11.0499996E-6,1.0640000,
,,,11.0600004E-6,1.0640000,
,,,11.0700003E-6,1.0560000,
,,,11.0800001E-6,1.0480001,
,,,11.0900000E-6,1.0400001,
,,,11.0999999E-6,1.0320001,
,,,11.1099998E-6,1.0400001,
,,,11.1199997E-6,1.0400001,
,,,11.1299996E-6,1.0400001,
,,,11.1400004E-6,1.0480001,
,,,11.1500003E-6,1.0640000,
,,,11.1600002E-6,1.0880001,
,,,11.1700001E-6,1.0880001,
,,,11.1800000E-6,1.0800000,
,,,11.1899999E-6,1.0640000,
,,,11.1999998E-6,1.0560000,
,,,11.2099997E-6,1.0480001,
,,,11.2199996E-6,1.0480001,
,,,11.2300004E-6,1.0320001,
,,,11.2400003E-6,1.0320001,
,,,11.2500002E-6,1.0240000,
,,,11.2600001E-6,1.0400001,
,,,11.2700000E-6,1.0400001,
,,,11.2799999E-6,1.0560000,
,,,11.2899997E-6,1.0800000,
,,,11.2999996E-6,1.0640000,
,,,11.3099995E-6,1.0720000,
,,,11.3200003E-6,1.0720000,
,,,11.3300002E-6,1.0400001,
,,,11.3400001E-6,1.0400001,
,,,11.3500000E-6,1.0400001,
,,,11.3599999E-6,1.0320001,
,,,11.3699998E-6,1.0320001,
,,,11.3799997E-6,1.0320001,
,,,11.3899996E-6,1.0400001,
,,,11.4000004E-6,1.0400001,
,,,11.4100003E-6,1.0560000,
,,,11.4200002E-6,1.0800000,
,,,11.4300001E-6,1.0720000,
,,,11.4400000E-6,1.0560000,
,,,11.4499999E-6,1.0560000,
,,,11.4599998E-6,1.0640000,
,,,11.4699997E-6,1.0480001,
,,,11.4799996E-6,1.0320001,
,,,11.4900004E-6,1.0400001,
,,,11.5000003E-6,1.0320001,
,,,11.5100001E-6,1.0320001,
,,,11.5200000E-6,1.0400001,
,,,11.5299999E-6,1.0560000,
,,,11.5399998E-6,1.0640000,
,,,11.5499997E-6,1.0720000,
,,,11.5599996E-6,1.0720000,
,,,11.5700004E-6,1.0640000,
,,,11.5800003E-6,1.0640000,
,,,11.5900002E-6,1.0560000,
,,,11.6000001E-6,1.0480001,
,,,11.6100000E-6,1.0400001,
,,,11.6199999E-6,1.0240000,
,,,11.6299998E-6,1.0320001,
,,,11.6399997E-6,1.0400001,
,,,11.6499996E-6,1.0400001,
,,,11.6600004E-6,1.0640000,
,,,11.6700003E-6,1.0640000,
,,,11.6800002E-6,1.0880001,
,,,11.6900001E-6,1.0720000,
,,,11.7000000E-6,1.0720000,
,,,11.7099999E-6,1.0640000,
,,,11.7199997E-6,1.0480001,
,,,11.7299996E-6,1.0480001,
,,,11.7399995E-6,1.0480001,
,,,11.7500003E-6,1.0240000,
,,,11.7600002E-6,1.0240000,
,,,11.7700001E-6,1.0240000,
,,,11.7800000E-6,1.0400001,
,,,11.7899999E-6,1.0560000,
,,,11.7999998E-6,1.0640000,
,,,11.8099997E-6,1.0720000,
,,,11.8199996E-6,1.0720000,
,,,11.8300004E-6,1.0640000,
,,,11.8400003E-6,1.0480001,
,,,11.8500002E-6,1.0480001,
,,,11.8600001E-6,1.0400001,
,,,11.8700000E-6,1.0400001,
,,,11.8799999E-6,1.0240000,
,,,11.8899998E-6,1.0240000,
,,,11.8999997E-6,1.0240000,
,,,11.9099996E-6,1.0480001,
,,,11.9200004E-6,1.0640000,
,,,11.9300003E-6,1.0720000,
,,,11.9400001E-6,1.0720000,
,,,11.9500000E-6,1.0800000,
,,,11.9599999E-6,1.0560000,
,,,11.9699998E-6,1.0640000,
,,,11.9799997E-6,1.0480001,
,,,11.9899996E-6,1.0400001,
,,,12.0000004E-6,1.0400001,
,,,12.0100003E-6,1.0400001,
,,,12.0200002E-6,1.0240000,
,,,12.0300001E-6,1.0400001,
,,,12.0400000E-6,1.0400001,
,,,12.0499999E-6,1.0560000,
,,,12.0599998E-6,1.0720000,
,,,12.0699997E-6,1.0720000,
,,,12.0799996E-6,1.0560000,
,,,12.0900004E-6,1.0560000,
,,,12.1000003E-6,1.0560000,
,,,12.1100002E-6,1.0400001,
,,,12.1200001E-6,1.0400001,
,,,12.1300000E-6,1.0320001,
,,,12.1399999E-6,1.0320001,
,,,12.1499997E-6,1.0400001,
,,,12.1599996E-6,1.0400001,
,,,12.1699995E-6,1.0640000,
,,,12.1800003E-6,1.0640000,
,,,12.1900002E-6,1.0720000,
,,,12.2000001E-6,1.0880001,
,,,12.2100000E-6,1.0720000,
,,,12.2199999E-6,1.0640000,
,,,12.2299998E-6,1.0480001,
,,,12.2399997E-6,1.0480001,
,,,12.2499996E-6,1.0480001,
,,,12.2600004E-6,1.0400001,
,,,12.2700003E-6,1.0320001,
,,,12.2800002E-6,1.0320001,
,,,12.2900001E-6,1.0400001,
,,,12.3000000E-6,1.0480001,
,,,12.3099999E-6,1.0720000,
,,,12.3199998E-6,1.0560000,
,,,12.3299997E-6,1.0640000,
,,,12.3399996E-6,1.0560000,
,,,12.3500004E-6,1.0720000,
,,,12.3600003E-6,1.0480001,
,,,12.3700001E-6,1.0480001,
,,,12.3800000E-6,1.0400001,
,,,12.3899999E-6,1.0320001,
,,,12.3999998E-6,1.0400001,
,,,12.4099997E-6,1.0320001,
,,,12.4199996E-6,1.0400001,
,,,12.4300004E-6,1.0560000,
,,,12.4400003E-6,1.0720000,
,,,12.4500002E-6,1.0800000,
,,,12.4600001E-6,1.0720000,
,,,12.4700000E-6,1.0640000,
,,,12.4799999E-6,1.0560000,
,,,12.4899998E-6,1.0480001,
,,,12.4999997E-6,1.0480001,
,,,12.5099996E-6,1.0320001,
,,,12.5200004E-6,1.0320001,
,,,12.5300003E-6,1.0320001,
,,,12.5400002E-6,1.0240000,
,,,12.5500001E-6,1.0400001,
,,,12.5600000E-6,1.0560000,
,,,12.5699999E-6,1.0640000,
,,,12.5799997E-6,1.0720000,
,,,12.5899996E-6,1.0640000,
,,,12.5999995E-6,1.0560000,
,,,12.6100003E-6,1.0480001,
,,,12.6200002E-6,1.0560000,
,,,12.6300001E-6,1.0400001,
,,,12.6400000E-6,1.0400001,
,,,12.6499999E-6,1.0240000,
,,,12.6599998E-6,1.0240000,
,,,12.6699997E-6,1.0320001,
,,,12.6799996E-6,1.0480001,
,,,12.6900004E-6,1.0640000,
,,,12.7000003E-6,1.0720000,
,,,12.7100002E-6,1.0800000,
,,,12.7200001E-6,1.0800000,
,,,12.7300000E-6,1.0720000,
,,,12.7399999E-6,1.0560000,
,,,12.7499998E-6,1.0560000,
,,,12.7599997E-6,1.0400001,
,,,12.7699996E-6,1.0400001,
,,,12.7800004E-6,1.0320001,
,,,12.7900003E-6,1.0400001,
,,,12.8000001E-6,1.0320001,
,,,12.8100000E-6,1.0560000,
,,,12.8199999E-6,1.0720000,
,,,12.8299998E-6,1.0800000,
,,,12.8399997E-6,1.0720000,
,,,12.8499996E-6,1.0720000,
,,,12.8600004E-6,1.0640000,
,,,12.8700003E-6,1.0480001,
,,,12.8800002E-6,1.0480001,
,,,12.8900001E-6,1.0320001,
,,,12.9000000E-6,1.0400001,
,,,12.9099999E-6,1.0320001,
,,,12.9199998E-6,1.0320001,
,,,12.9299997E-6,1.0320001,
,,,12.9399996E-6,1.0480001,
,,,12.9500004E-6,1.0720000,
,,,12.9600003E-6,1.0720000,
,,,12.9700002E-6,1.0800000,
,,,12.9800001E-6,1.0560000,
,,,12.9900000E-6,1.0640000,
,,,12.9999999E-6,1.0560000,
,,,13.0099997E-6,1.0400001,
,,,13.0199996E-6,1.0400001,
,,,13.0299995E-6,1.0400001,
,,,13.0400003E-6,1.0320001,
,,,13.0500002E-6,1.0240000,
,,,13.0600001E-6,1.0320001,
,,,13.0700000E-6,1.0480001,
,,,13.0799999E-6,1.0560000,
,,,13.0899998E-6,1.0720000,
,,,13.0999997E-6,1.0880001,
,,,13.1099996E-6,1.0640000,
,,,13.1200004E-6,1.0720000,
,,,13.1300003E-6,1.0400001,
,,,13.1400002E-6,1.0560000,
,,,13.1500001E-6,1.0400001,
,,,13.1600000E-6,1.0400001,
,,,13.1699999E-6,1.0400001,
,,,13.1799998E-6,1.0240000,
,,,13.1899997E-6,1.0480001,
,,,13.1999996E-6,1.0640000,
,,,13.2100004E-6,1.0640000,
,,,13.2200003E-6,1.0560000,
,,,13.2300001E-6,1.0720000,
,,,13.2400000E-6,1.0640000,
,,,13.2499999E-6,1.0560000,
,,,13.2599998E-6,1.0400001,
,,,13.2699997E-6,1.0320001,
,,,13.2799996E-6,1.0400001,
,,,13.2899995E-6,1.0320001,
,,,13.3000003E-6,1.0240000,
,,,13.3100002E-6,1.0240000,
,,,13.3200001E-6,1.0400001,
,,,13.3300000E-6,1.0640000,
,,,13.3399999E-6,1.0720000,
,,,13.3499998E-6,1.0720000,
,,,13.3599997E-6,1.0720000,
,,,13.3699996E-6,1.0640000,
,,,13.3800004E-6,1.0560000,
,,,13.3900003E-6,1.0480001,
,,,13.4000002E-6,1.0560000,
,,,13.4100001E-6,1.0400001,
,,,13.4200000E-6,1.0320001,
,,,13.4299999E-6,1.0240000,
,,,13.4399997E-6,1.0400001,
,,,13.4499996E-6,1.0480001,
,,,13.4599995E-6,1.0640000,
,,,13.4700003E-6,1.0720000,
,,,13.4800002E-6,1.0640000,
,,,13.4900001E-6,1.0640000,
,,,13.5000000E-6,1.0640000,
,,,13.5099999E-6,1.0560000,
,,,13.5199998E-6,1.0400001,
,,,13.5299997E-6,1.0400001,
,,,13.5399996E-6,1.0320001,
,,,13.5500004E-6,1.0400001,
,,,13.5600003E-6,1.0320001,
,,,13.5700002E-6,1.0320001,
,,,13.5800001E-6,1.0560000,
,,,13.5900000E-6,1.0720000,
,,,13.5999999E-6,1.0800000,
,,,13.6099998E-6,1.0720000,
,,,13.6199997E-6,1.0800000,
,,,13.6299996E-6,1.0640000,
,,,13.6400004E-6,1.0560000,
,,,13.6500003E-6,1.0400001,
,,,13.6600001E-6,1.0400001,
,,,13.6700000E-6,1.0400001,
,,,13.6799999E-6,1.0160000,
,,,13.6899998E-6,1.0240000,
,,,13.6999997E-6,1.0480001,
,,,13.7099996E-6,1.0480001,
,,,13.7199995E-6,1.0720000,
,,,13.7300003E-6,1.0720000,
,,,13.7400002E-6,1.0720000,
,,,13.7500001E-6,1.0640000,
,,,13.7600000E-6,1.0720000,
,,,13.7699999E-6,1.0480001,
,,,13.7799998E-6,1.0480001,
,,,13.7899997E-6,1.0400001,
,,,13.7999996E-6,1.0400001,
,,,13.8100004E-6,1.0400001,
,,,13.8200003E-6,1.0320001,
,,,13.8300002E-6,1.0400001,
,,,13.8400001E-6,1.0640000,
,,,13.8500000E-6,1.0720000,
,,,13.8599999E-6,1.0800000,
,,,13.8699997E-6,1.0720000,
,,,13.8799996E-6,1.0640000,
,,,13.8899995E-6,1.0720000,
,,,13.9000003E-6,1.0560000,
,,,13.9100002E-6,1.0400001,
,,,13.9200001E-6,1.0320001,
,,,13.9300000E-6,1.0240000,
,,,13.9399999E-6,1.0400001,
,,,13.9499998E-6,1.0240000,
,,,13.9599997E-6,1.0480001,
,,,13.9699996E-6,1.0640000,
,,,13.9800004E-6,1.0720000,
,,,13.9900003E-6,1.0800000,
,,,14.0000002E-6,1.0640000,
,,,14.0100001E-6,1.0560000,
,,,14.0200000E-6,1.0480001,
,,,14.0299999E-6,1.0480001,
,,,14.0399998E-6,1.0400001,
,,,14.0499997E-6,1.0320001,
,,,14.0599996E-6,1.0240000,
,,,14.0700004E-6,1.0240000,
,,,14.0800003E-6,1.0400001,
,,,14.0900001E-6,1.0560000,
,,,14.1000000E-6,1.0720000,
,,,14.1099999E-6,1.0800000,
,,,14.1199998E-6,1.0720000,
,,,14.1299997E-6,1.0720000,
,,,14.1399996E-6,1.0640000,
,,,14.1499995E-6,1.0560000,
,,,14.1600003E-6,1.0480001,
,,,14.1700002E-6,1.0400001,
,,,14.1800001E-6,1.0400001,
,,,14.1900000E-6,1.0320001,
,,,14.1999999E-6,1.0320001,
,,,14.2099998E-6,1.0320001,
,,,14.2199997E-6,1.0640000,
,,,14.2299996E-6,1.0720000,
,,,14.2400004E-6,1.0800000,
,,,14.2500003E-6,1.0720000,
,,,14.2600002E-6,1.0720000,
,,,14.2700001E-6,1.0640000,
,,,14.2800000E-6,1.0480001,
,,,14.2899999E-6,1.0560000,
,,,14.2999997E-6,1.0400001,
,,,14.3099996E-6,1.0240000,
,,,14.3199995E-6,1.0320001,
,,,14.3300003E-6,1.0240000,
,,,14.3400002E-6,1.0320001,
,,,14.3500001E-6,1.0560000,
,,,14.3600000E-6,1.0720000,
,,,14.3699999E-6,1.0720000,
,,,14.3799998E-6,1.0800000,
,,,14.3899997E-6,1.0640000,
,,,14.3999996E-6,1.0560000,
,,,14.4100004E-6,1.0480001,
,,,14.4200003E-6,1.0480001,
,,,14.4300002E-6,1.0480001,
,,,14.4400001E-6,1.0400001,
,,,14.4500000E-6,1.0240000,
,,,14.4599999E-6,1.0240000,
,,,14.4699998E-6,1.0400001,
,,,14.4799997E-6,1.0640000,
,,,14.4899996E-6,1.0720000,
,,,14.5000004E-6,1.0720000,
,,,14.5100003E-6,1.0720000,
,,,14.5200001E-6,1.0640000,
,,,14.5300000E-6,1.0560000,
,,,14.5399999E-6,1.0480001,
,,,14.5499998E-6,1.0480001,
,,,14.5599997E-6,1.0480001,
,,,14.5699996E-6,1.0400001,
,,,14.5799995E-6,1.0320001,
,,,14.5900003E-6,1.0320001,
,,,14.6000002E-6,1.0560000,
,,,14.6100001E-6,1.0560000,
,,,14.6200000E-6,1.0640000,
,,,14.6299999E-6,1.0800000,
,,,14.6399998E-6,1.0640000,
,,,14.6499997E-6,1.0640000,
,,,14.6599996E-6,1.0480001,
,,,14.6700004E-6,1.0400001,
,,,14.6800003E-6,1.0400001,
,,,14.6900002E-6,1.0400001,
,,,14.7000001E-6,1.0240000,
,,,14.7100000E-6,1.0400001,
,,,14.7199999E-6,1.0320001,
,,,14.7299997E-6,1.0480001,
,,,14.7399996E-6,1.0640000,
,,,14.7499995E-6,1.0800000,
,,,14.7600003E-6,1.0720000,
,,,14.7700002E-6,1.0640000,
,,,14.7800001E-6,1.0640000,
,,,14.7900000E-6,1.0640000,
,,,14.7999999E-6,1.0560000,
,,,14.8099998E-6,1.0400001,
,,,14.8199997E-6,1.0320001,
,,,14.8299996E-6,1.0400001,
,,,14.8400004E-6,1.0400001,
,,,14.8500003E-6,1.0400001,
,,,14.8600002E-6,1.0400001,
,,,14.8700001E-6,1.0560000,
,,,14.8800000E-6,1.0720000,
,,,14.8899999E-6,1.0640000,
,,,14.8999998E-6,1.0720000,
,,,14.9099997E-6,1.0640000,
,,,14.9199996E-6,1.0480001,
,,,14.9300004E-6,1.0400001,
,,,14.9400003E-6,1.0400001,
,,,14.9500001E-6,1.0320001,
,,,14.9600000E-6,1.0240000,
,,,14.9699999E-6,1.0320001,
,,,14.9799998E-6,1.0480001,
,,,14.9899997E-6,1.0560000,
,,,14.9999996E-6,1.0640000,
,,,15.0099995E-6,1.0720000,
,,,15.0200003E-6,1.0640000,
,,,15.0300002E-6,1.0720000,
,,,15.0400001E-6,1.0640000,
,,,15.0500000E-6,1.0480001,
,,,15.0599999E-6,1.0320001,
,,,15.0699998E-6,1.0400001,
,,,15.0799997E-6,1.0320001,
,,,15.0899996E-6,1.0320001,
,,,15.1000004E-6,1.0320001,
,,,15.1100003E-6,1.0400001,
,,,15.1200002E-6,1.0640000,
,,,15.1300001E-6,1.0720000,
,,,15.1400000E-6,1.0800000,
,,,15.1499999E-6,1.0640000,
,,,15.1599997E-6,1.0560000,
,,,15.1699996E-6,1.0560000,
,,,15.1799995E-6,1.0560000,
,,,15.1900003E-6,1.0400001,
,,,15.2000002E-6,1.0320001,
,,,15.2100001E-6,1.0240000,
,,,15.2200000E-6,1.0400001,
,,,15.2299999E-6,1.0320001,
,,,15.2399998E-6,1.0480001,
,,,15.2499997E-6,1.0560000,
,,,15.2600005E-6,1.0640000,
,,,15.2699995E-6,1.0720000,
,,,15.2800003E-6,1.0640000,
,,,15.2899993E-6,1.0560000,
,,,15.3000001E-6,1.0400001,
,,,15.3099991E-6,1.0480001,
,,,15.3199999E-6,1.0480001,
,,,15.3300007E-6,1.0320001,
,,,15.3399997E-6,1.0320001,
,,,15.3500005E-6,1.0320001,
,,,15.3599995E-6,1.0320001,
,,,15.3700003E-6,1.0480001,
,,,15.3799992E-6,1.0640000,
,,,15.3900000E-6,1.0720000,
,,,15.4000008E-6,1.0800000,
,,,15.4099998E-6,1.0640000,
,,,15.4200006E-6,1.0640000,
,,,15.4299996E-6,1.0560000,
,,,15.4400004E-6,1.0480001,
,,,15.4499994E-6,1.0480001,
,,,15.4600002E-6,1.0320001,
,,,15.4699992E-6,1.0320001,
,,,15.4800000E-6,1.0320001,
,,,15.4900008E-6,1.0320001,
,,,15.4999998E-6,1.0480001,
,,,15.5100006E-6,1.0640000,
,,,15.5199996E-6,1.0720000,
,,,15.5300004E-6,1.0720000,
,,,15.5399994E-6,1.0720000,
,,,15.5500002E-6,1.0640000,
,,,15.5599992E-6,1.0480001,
,,,15.5700000E-6,1.0480001,
,,,15.5800008E-6,1.0400001,
,,,15.5899997E-6,1.0320001,
,,,15.6000006E-6,1.0320001,
,,,15.6099995E-6,1.0240000,
,,,15.6200003E-6,1.0400001,
,,,15.6299993E-6,1.0480001,
,,,15.6400001E-6,1.0720000,
,,,15.6499991E-6,1.0640000,
,,,15.6599999E-6,1.0720000,
,,,15.6700007E-6,1.0640000,
,,,15.6799997E-6,1.0640000,
,,,15.6900005E-6,1.0560000,
,,,15.6999995E-6,1.0480001,
,,,15.7100003E-6,1.0320001,
,,,15.7199993E-6,1.0320001,
,,,15.7300001E-6,1.0320001,
,,,15.7399991E-6,1.0320001,
,,,15.7499999E-6,1.0400001,
,,,15.7600007E-6,1.0560000,
,,,15.7699997E-6,1.0640000,
,,,15.7800005E-6,1.0880001,
,,,15.7899995E-6,1.0800000,
,,,15.8000003E-6,1.0640000,
,,,15.8099992E-6,1.0480001,
,,,15.8200000E-6,1.0560000,
,,,15.8300008E-6,1.0560000,
,,,15.8399998E-6,1.0480001,
,,,15.8500006E-6,1.0320001,
,,,15.8599996E-6,1.0320001,
,,,15.8700004E-6,1.0320001,
,,,15.8799994E-6,1.0400001,
,,,15.8900002E-6,1.0560000,
,,,15.8999992E-6,1.0720000,
,,,15.9100000E-6,1.0640000,
,,,15.9200008E-6,1.0800000,
,,,15.9299998E-6,1.0720000,
,,,15.9400006E-6,1.0640000,
,,,15.9499996E-6,1.0480001,
,,,15.9600004E-6,1.0400001,
,,,15.9699994E-6,1.0400001,
,,,15.9800002E-6,1.0320001,
,,,15.9899992E-6,1.0320001,
,,,16.0000000E-6,1.0240000,
,,,16.0100008E-6,1.0400001,
,,,16.0199997E-6,1.0560000,
,,,16.0300006E-6,1.0720000,
,,,16.0399995E-6,1.0720000,
,,,16.0500003E-6,1.0720000,
,,,16.0599993E-6,1.0640000,
,,,16.0700001E-6,1.0640000,
,,,16.0799991E-6,1.0480001,
,,,16.0899999E-6,1.0480001,
,,,16.1000007E-6,1.0320001,
,,,16.1099997E-6,1.0400001,
,,,16.1200005E-6,1.0320001,
,,,16.1299995E-6,1.0320001,
,,,16.1400003E-6,1.0400001,
,,,16.1499993E-6,1.0560000,
,,,16.1600001E-6,1.0720000,
,,,16.1699991E-6,1.0800000,
,,,16.1799999E-6,1.0720000,
,,,16.1900007E-6,1.0560000,
,,,16.1999997E-6,1.0560000,
,,,16.2100005E-6,1.0480001,
,,,16.2199995E-6,1.0480001,
,,,16.2300003E-6,1.0320001,
,,,16.2399992E-6,1.0320001,
,,,16.2500000E-6,1.0320001,
,,,16.2600008E-6,1.0320001,
,,,16.2699998E-6,1.0400001,
,,,16.2800006E-6,1.0560000,
,,,16.2899996E-6,1.0560000,
,,,16.3000004E-6,1.0720000,
,,,16.3099994E-6,1.0720000,
,,,16.3200002E-6,1.0640000,
,,,16.3299992E-6,1.0560000,
,,,16.3400000E-6,1.0480001,
,,,16.3500008E-6,1.0480001,
,,,16.3599998E-6,1.0400001,
,,,16.3700006E-6,1.0240000,
,,,16.3799996E-6,1.0320001,
,,,16.3900004E-6,1.0320001,
,,,16.3999994E-6,1.0480001,
,,,16.4100002E-6,1.0560000,
,,,16.4199992E-6,1.0720000,
,,,16.4300000E-6,1.0720000,
,,,16.4400008E-6,1.0640000,
,,,16.4499997E-6,1.0560000,
,,,16.4600006E-6,1.0480001,
,,,16.4699995E-6,1.0480001,
,,,16.4800003E-6,1.0400001,
,,,16.4899993E-6,1.0320001,
,,,16.5000001E-6,1.0320001,
,,,16.5099991E-6,1.0320001,
,,,16.5199999E-6,1.0400001,
,,,16.5300007E-6,1.0560000,
,,,16.5399997E-6,1.0640000,
,,,16.5500005E-6,1.0640000,
,,,16.5599995E-6,1.0800000,
,,,16.5700003E-6,1.0480001,
,,,16.5799993E-6,1.0560000,
,,,16.5900001E-6,1.0560000,
,,,16.5999991E-6,1.0400001,
,,,16.6099999E-6,1.0400001,
,,,16.6200007E-6,1.0320001,
,,,16.6299997E-6,1.0320001,
,,,16.6400005E-6,1.0240000,
,,,16.6499995E-6,1.0400001,
,,,16.6600003E-6,1.0480001,
,,,16.6699992E-6,1.0640000,
,,,16.6800000E-6,1.0800000,
,,,16.6900008E-6,1.0800000,
,,,16.6999998E-6,1.0640000,
,,,16.7100006E-6,1.0560000,
,,,16.7199996E-6,1.0400001,
,,,16.7300004E-6,1.0480001,
,,,16.7399994E-6,1.0400001,
,,,16.7500002E-6,1.0320001,
,,,16.7599992E-6,1.0320001,
,,,16.7700000E-6,1.0320001,
,,,16.7800008E-6,1.0480001,
,,,16.7899998E-6,1.0480001,
,,,16.8000006E-6,1.0640000,
,,,16.8099996E-6,1.0720000,
,,,16.8200004E-6,1.0720000,
,,,16.8299994E-6,1.0640000,
,,,16.8400002E-6,1.0480001,
,,,16.8499992E-6,1.0400001,
,,,16.8600000E-6,1.0400001,
,,,16.8700008E-6,1.0400001,
,,,16.8799997E-6,1.0400001,
,,,16.8900006E-6,1.0320001,
,,,16.8999995E-6,1.0160000,
,,,16.9100003E-6,1.0480001,
,,,16.9199993E-6,1.0640000,
,,,16.9300001E-6,1.0720000,
,,,16.9399991E-6,1.0720000,
,,,16.9499999E-6,1.0640000,
,,,16.9600007E-6,1.0640000,
,,,16.9699997E-6,1.0560000,
,,,16.9800005E-6,1.0480001,
,,,16.9899995E-6,1.0400001,
,,,17.0000003E-6,1.0400001,
,,,17.0099993E-6,1.0240000,
,,,17.0200001E-6,1.0320001,
,,,17.0299991E-6,1.0240000,
,,,17.0399999E-6,1.0400001,
,,,17.0500007E-6,1.0720000,
,,,17.0599997E-6,1.0800000,
,,,17.0700005E-6,1.0720000,
,,,17.0799995E-6,1.0720000,
,,,17.0900003E-6,1.0640000,
,,,17.0999992E-6,1.0560000,
,,,17.1100000E-6,1.0480001,
,,,17.1200008E-6,1.0400001,
,,,17.1299998E-6,1.0320001,
,,,17.1400006E-6,1.0240000,
,,,17.1499996E-6,1.0320001,
,,,17.1600004E-6,1.0400001,
,,,17.1699994E-6,1.0560000,
,,,17.1800002E-6,1.0640000,
,,,17.1899992E-6,1.0720000,
,,,17.2000000E-6,1.0800000,
,,,17.2100008E-6,1.0720000,
,,,17.2199998E-6,1.0560000,
,,,17.2300006E-6,1.0480001,
,,,17.2399996E-6,1.0480001,
,,,17.2500004E-6,1.0480001,
,,,17.2599994E-6,1.0320001,
,,,17.2700002E-6,1.0240000,
,,,17.2799992E-6,1.0160000,
,,,17.2900000E-6,1.0400001,
,,,17.3000008E-6,1.0560000,
,,,17.3099997E-6,1.0640000,
,,,17.3200006E-6,1.0720000,
,,,17.3299995E-6,1.0720000,
,,,17.3400003E-6,1.0640000,
,,,17.3499993E-6,1.0560000,
,,,17.3600001E-6,1.0480001,
,,,17.3699991E-6,1.0320001,
,,,17.3799999E-6,1.0400001,
,,,17.3900007E-6,1.0240000,
,,,17.3999997E-6,1.0320001,
,,,17.4100005E-6,1.0320001,
,,,17.4199995E-6,1.0480001,
,,,17.4300003E-6,1.0640000,
,,,17.4399993E-6,1.0720000,
,,,17.4500001E-6,1.0720000,
,,,17.4599991E-6,1.0640000,
,,,17.4699999E-6,1.0640000,
,,,17.4800007E-6,1.0560000,
,,,17.4899997E-6,1.0400001,
,,,17.5000005E-6,1.0400001,
,,,17.5099995E-6,1.0400001,
,,,17.5200003E-6,1.0320001,
,,,17.5299992E-6,1.0240000,
,,,17.5400000E-6,1.0320001,
,,,17.5500008E-6,1.0480001,
,,,17.5599998E-6,1.0640000,
,,,17.5700006E-6,1.0720000,
,,,17.5799996E-6,1.0800000,
,,,17.5900004E-6,1.0720000,
,,,17.5999994E-6,1.0560000,
,,,17.6100002E-6,1.0480001,
,,,17.6199992E-6,1.0480001,
,,,17.6300000E-6,1.0400001,
,,,17.6400008E-6,1.0240000,
,,,17.6499998E-6,1.0240000,
,,,17.6600006E-6,1.0320001,
,,,17.6699996E-6,1.0400001,
,,,17.6800004E-6,1.0560000,
,,,17.6899994E-6,1.0640000,
,,,17.7000002E-6,1.0800000,
,,,17.7099992E-6,1.0880001,
,,,17.7200000E-6,1.0720000,
,,,17.7300008E-6,1.0560000,
,,,17.7399997E-6,1.0560000,
,,,17.7500006E-6,1.0480001,
,,,17.7599995E-6,1.0400001,
,,,17.7700003E-6,1.0320001,
,,,17.7799993E-6,1.0320001,
,,,17.7900001E-6,1.0320001,
,,,17.7999991E-6,1.0400001,
,,,17.8099999E-6,1.0640000,
,,,17.8200007E-6,1.0640000,
,,,17.8299997E-6,1.0560000,
,,,17.8400005E-6,1.0720000,
,,,17.8499995E-6,1.0720000,
,,,17.8600003E-6,1.0560000,
,,,17.8699993E-6,1.0480001,
,,,17.8800001E-6,1.0400001,
,,,17.8899991E-6,1.0320001,
,,,17.8999999E-6,1.0320001,
,,,17.9100007E-6,1.0240000,
,,,17.9199997E-6,1.0320001,
,,,17.9300005E-6,1.0320001,
,,,17.9399995E-6,1.0560000,
,,,17.9500003E-6,1.0800000,
,,,17.9599992E-6,1.0800000,
,,,17.9700000E-6,1.0720000,
,,,17.9800008E-6,1.0640000,
,,,17.9899998E-6,1.0640000,
,,,18.0000006E-6,1.0480001,
,,,18.0099996E-6,1.0400001,
,,,18.0200004E-6,1.0320001,
,,,18.0299994E-6,1.0240000,
,,,18.0400002E-6,1.0400001,
,,,18.0499992E-6,1.0400001,
,,,18.0600000E-6,1.0400001,
,,,18.0700008E-6,1.0640000,
,,,18.0799998E-6,1.0640000,
,,,18.0900006E-6,1.0720000,
,,,18.0999996E-6,1.0720000,
,,,18.1100004E-6,1.0640000,
,,,18.1199994E-6,1.0560000,
,,,18.1300002E-6,1.0480001,
,,,18.1399992E-6,1.0400001,
,,,18.1500000E-6,1.0320001,
,,,18.1600008E-6,1.0240000,
,,,18.1699997E-6,1.0240000,
,,,18.1800006E-6,1.0320001,
,,,18.1899995E-6,1.0480001,
,,,18.2000003E-6,1.0640000,
,,,18.2099993E-6,1.0720000,
,,,18.2200001E-6,1.0800000,
,,,18.2299991E-6,1.0640000,
,,,18.2399999E-6,1.0640000,
,,,18.2500007E-6,1.0560000,
,,,18.2599997E-6,1.0400001,
,,,18.2700005E-6,1.0400001,
,,,18.2799995E-6,1.0400001,
,,,18.2900003E-6,1.0240000,
,,,18.2999993E-6,1.0400001,
,,,18.3100001E-6,1.0400001,
,,,18.3199991E-6,1.0480001,
,,,18.3299999E-6,1.0560000,
,,,18.3400007E-6,1.0720000,
,,,18.3499997E-6,1.0720000,
,,,18.3600005E-6,1.0640000,
,,,18.3699995E-6,1.0560000,
,,,18.3800003E-6,1.0560000,
,,,18.3899992E-6,1.0480001,
,,,18.4000000E-6,1.0320001,
,,,18.4099990E-6,1.0320001,
,,,18.4199998E-6,1.0400001,
,,,18.4300006E-6,1.0240000,
,,,18.4399996E-6,1.0320001,
,,,18.4500004E-6,1.0480001,
,,,18.4599994E-6,1.0640000,
,,,18.4700002E-6,1.0800000,
,,,18.4799992E-6,1.0720000,
,,,18.4900000E-6,1.0720000,
,,,18.5000008E-6,1.0560000,
,,,18.5099998E-6,1.0640000,
,,,18.5200006E-6,1.0480001,
,,,18.5299996E-6,1.0400001,
,,,18.5400004E-6,1.0400001,
,,,18.5499994E-6,1.0320001,
,,,18.5600002E-6,1.0400001,
,,,18.5699992E-6,1.0400001,
,,,18.5800000E-6,1.0560000,
,,,18.5900008E-6,1.0640000,
,,,18.5999997E-6,1.0640000,
,,,18.6100006E-6,1.0720000,
,,,18.6199995E-6,1.0560000,
,,,18.6300003E-6,1.0480001,
,,,18.6399993E-6,1.0400001,
,,,18.6500001E-6,1.0480001,
,,,18.6599991E-6,1.0480001,
,,,18.6699999E-6,1.0320001,
,,,18.6800007E-6,1.0160000,
,,,18.6899997E-6,1.0240000,
,,,18.7000005E-6,1.0400001,
,,,18.7099995E-6,1.0640000,
,,,18.7200003E-6,1.0800000,
,,,18.7299993E-6,1.0720000,
,,,18.7400001E-6,1.0640000,
,,,18.7499991E-6,1.0640000,
,,,18.7599999E-6,1.0640000,
,,,18.7700007E-6,1.0480001,
,,,18.7799997E-6,1.0400001,
,,,18.7900005E-6,1.0400001,
,,,18.7999995E-6,1.0400001,
,,,18.8100003E-6,1.0320001,
,,,18.8199992E-6,1.0400001,
,,,18.8300000E-6,1.0480001,
,,,18.8399990E-6,1.0640000,
,,,18.8499998E-6,1.0720000,
,,,18.8600006E-6,1.0800000,
,,,18.8699996E-6,1.0640000,
,,,18.8800004E-6,1.0560000,
,,,18.8899994E-6,1.0480001,
,,,18.9000002E-6,1.0480001,
,,,18.9099992E-6,1.0400001,
,,,18.9200000E-6,1.0240000,
,,,18.9300008E-6,1.0320001,
,,,18.9399998E-6,1.0400001,
,,,18.9500006E-6,1.0320001,
,,,18.9599996E-6,1.0480001,
,,,18.9700004E-6,1.0640000,
,,,18.9799994E-6,1.0720000,
,,,18.9900002E-6,1.0720000,
,,,18.9999992E-6,1.0720000,
,,,19.0100000E-6,1.0560000,
,,,19.0200008E-6,1.0400001,
,,,19.0299997E-6,1.0480001,
,,,19.0400006E-6,1.0400001,
,,,19.0499995E-6,1.0400001,
,,,19.0600003E-6,1.0320001,
,,,19.0699993E-6,1.0240000,
,,,19.0800001E-6,1.0400001,
,,,19.0899991E-6,1.0560000,
,,,19.0999999E-6,1.0720000,
,,,19.1100007E-6,1.0720000,
,,,19.1199997E-6,1.0720000,
,,,19.1300005E-6,1.0640000,
,,,19.1399995E-6,1.0640000,
,,,19.1500003E-6,1.0640000,
,,,19.1599993E-6,1.0480001,
,,,19.1700001E-6,1.0400001,
,,,19.1799991E-6,1.0400001,
,,,19.1899999E-6,1.0160000,
,,,19.2000007E-6,1.0320001,
,,,19.2099997E-6,1.0320001,
,,,19.2200005E-6,1.0480001,
,,,19.2299995E-6,1.0720000,
,,,19.2400003E-6,1.0640000,
,,,19.2499992E-6,1.0640000,
,,,19.2600000E-6,1.0640000,
,,,19.2699990E-6,1.0560000,
,,,19.2799998E-6,1.0560000,
,,,19.2900006E-6,1.0480001,
,,,19.2999996E-6,1.0320001,
,,,19.3100004E-6,1.0320001,
,,,19.3199994E-6,1.0240000,
,,,19.3300002E-6,1.0320001,
,,,19.3399992E-6,1.0480001,
,,,19.3500000E-6,1.0560000,
,,,19.3600008E-6,1.0720000,
,,,19.3699998E-6,1.0800000,
,,,19.3800006E-6,1.0800000,
,,,19.3899996E-6,1.0720000,
,,,19.4000004E-6,1.0560000,
,,,19.4099994E-6,1.0480001,
,,,19.4200002E-6,1.0400001,
,,,19.4299992E-6,1.0320001,
,,,19.4400000E-6,1.0400001,
,,,19.4500008E-6,1.0320001,
,,,19.4599997E-6,1.0240000,
,,,19.4700006E-6,1.0400001,
,,,19.4799995E-6,1.0560000,
,,,19.4900003E-6,1.0720000,
,,,19.4999993E-6,1.0720000,
,,,19.5100001E-6,1.0640000,
,,,19.5199991E-6,1.0560000,
,,,19.5299999E-6,1.0640000,
,,,19.5400007E-6,1.0400001,
,,,19.5499997E-6,1.0480001,
,,,19.5600005E-6,1.0400001,
,,,19.5699995E-6,1.0240000,
,,,19.5800003E-6,1.0320001,
,,,19.5899993E-6,1.0240000,
,,,19.6000001E-6,1.0480001,
,,,19.6099991E-6,1.0560000,
,,,19.6199999E-6,1.0800000,
,,,19.6300007E-6,1.0720000,
,,,19.6399997E-6,1.0720000,
,,,19.6500005E-6,1.0640000,
,,,19.6599995E-6,1.0560000,
,,,19.6700003E-6,1.0480001,
,,,19.6799992E-6,1.0320001,
,,,19.6900000E-6,1.0320001,
,,,19.6999990E-6,1.0320001,
,,,19.7099998E-6,1.0320001,
,,,19.7200006E-6,1.0400001,
,,,19.7299996E-6,1.0560000,
,,,19.7400004E-6,1.0640000,
,,,19.7499994E-6,1.0720000,
,,,19.7600002E-6,1.0640000,
,,,19.7699992E-6,1.0720000,
,,,19.7800000E-6,1.0640000,
,,,19.7900008E-6,1.0560000,
,,,19.7999998E-6,1.0480001,
,,,19.8100006E-6,1.0400001,
,,,19.8199996E-6,1.0320001,
,,,19.8300004E-6,1.0400001,
,,,19.8399994E-6,1.0240000,
,,,19.8500002E-6,1.0400001,
,,,19.8599992E-6,1.0640000,
,,,19.8700000E-6,1.0560000,
,,,19.8800008E-6,1.0880001,
,,,19.8899997E-6,1.0800000,
,,,19.9000006E-6,1.0640000,
,,,19.9099995E-6,1.0560000,
,,,19.9200003E-6,1.0560000,
,,,19.9299993E-6,1.0480001,
,,,19.9400001E-6,1.0400001,
,,,19.9499991E-6,1.0320001,
,,,19.9599999E-6,1.0320001,
,,,19.9700007E-6,1.0320001,
,,,19.9799997E-6,1.0400001,
,,,19.9900005E-6,1.0640000,
,,,19.9999995E-6,1.0560000,
,,,20.0100003E-6,1.0720000,
,,,20.0199993E-6,1.0800000,
,,,20.0300001E-6,1.0720000,
,,,20.0399991E-6,1.0640000,
,,,20.0499999E-6,1.0640000,
,,,20.0600007E-6,1.0480001,
,,,20.0699997E-6,1.0400001,
,,,20.0800005E-6,1.0320001,
,,,20.08999945E-6,1.0320001,
,,,20.10000026E-6,1.0320001,
,,,20.10999924E-6,1.0400001,
,,,20.12000004E-6,1.0640000,
,,,20.12999903E-6,1.0800000,
,,,20.13999983E-6,1.0800000,
,,,20.15000064E-6,1.0720000,
,,,20.15999962E-6,1.0640000,
,,,20.17000043E-6,1.0640000,
,,,20.17999941E-6,1.0560000,
,,,20.19000021E-6,1.0400001,
,,,20.19999920E-6,1.0400001,
,,,20.21000000E-6,1.0320001,
,,,20.22000081E-6,1.0240000,
,,,20.22999979E-6,1.0320001,
,,,20.24000059E-6,1.0320001,
,,,20.24999958E-6,1.0640000,
,,,20.26000038E-6,1.0640000,
,,,20.26999937E-6,1.0720000,
,,,20.28000017E-6,1.0720000,
,,,20.28999916E-6,1.0640000,
,,,20.29999996E-6,1.0560000,
,,,20.31000076E-6,1.0480001,
,,,20.31999975E-6,1.0480001,
,,,20.33000055E-6,1.0480001,
,,,20.33999954E-6,1.0320001,
,,,20.35000034E-6,1.0240000,
,,,20.35999933E-6,1.0320001,
,,,20.37000013E-6,1.0640000,
,,,20.37999911E-6,1.0560000,
,,,20.38999992E-6,1.0800000,
,,,20.40000072E-6,1.0800000,
,,,20.40999971E-6,1.0720000,
,,,20.42000051E-6,1.0640000,
,,,20.42999949E-6,1.0480001,
,,,20.44000030E-6,1.0560000,
,,,20.44999928E-6,1.0400001,
,,,20.46000009E-6,1.0320001,
,,,20.46999907E-6,1.0400001,
,,,20.47999988E-6,1.0320001,
,,,20.49000068E-6,1.0400001,
,,,20.49999966E-6,1.0480001,
,,,20.51000047E-6,1.0640000,
,,,20.51999945E-6,1.0800000,
,,,20.53000026E-6,1.0800000,
,,,20.53999924E-6,1.0720000,
,,,20.55000004E-6,1.0720000,
,,,20.55999903E-6,1.0480001,
,,,20.56999983E-6,1.0560000,
,,,20.58000064E-6,1.0400001,
,,,20.58999962E-6,1.0320001,
,,,20.60000043E-6,1.0320001,
,,,20.60999941E-6,1.0240000,
,,,20.62000021E-6,1.0400001,
,,,20.62999920E-6,1.0400001,
,,,20.64000000E-6,1.0720000,
,,,20.65000081E-6,1.0720000,
,,,20.65999979E-6,1.0800000,
,,,20.67000059E-6,1.0640000,
,,,20.67999958E-6,1.0480001,
,,,20.69000038E-6,1.0560000,
,,,20.69999937E-6,1.0400001,
,,,20.71000017E-6,1.0320001,
,,,20.71999916E-6,1.0320001,
,,,20.72999996E-6,1.0320001,
,,,20.74000076E-6,1.0400001,
,,,20.74999975E-6,1.0240000,
,,,20.76000055E-6,1.0400001,
,,,20.76999954E-6,1.0720000,
,,,20.78000034E-6,1.0800000,
,,,20.78999933E-6,1.0720000,
,,,20.80000013E-6,1.0640000,
,,,20.80999911E-6,1.0560000,
,,,20.81999992E-6,1.0480001,
,,,20.83000072E-6,1.0480001,
,,,20.83999971E-6,1.0400001,
,,,20.85000051E-6,1.0400001,
,,,20.85999949E-6,1.0320001,
,,,20.87000030E-6,1.0320001,
,,,20.87999928E-6,1.0400001,
,,,20.89000009E-6,1.0560000,
,,,20.89999907E-6,1.0640000,
,,,20.90999988E-6,1.0640000,
,,,20.92000068E-6,1.0800000,
,,,20.92999966E-6,1.0720000,
,,,20.94000047E-6,1.0640000,
,,,20.94999945E-6,1.0400001,
,,,20.96000026E-6,1.0480001,
,,,20.96999924E-6,1.0320001,
,,,20.98000004E-6,1.0320001,
,,,20.98999903E-6,1.0240000,
,,,20.99999983E-6,1.0160000,
,,,21.01000064E-6,1.0480001,
,,,21.01999962E-6,1.0560000,
,,,21.03000043E-6,1.0800000,
,,,21.03999941E-6,1.0880001,
,,,21.05000021E-6,1.0640000,
,,,21.05999920E-6,1.0720000,
,,,21.07000000E-6,1.0560000,
,,,21.08000081E-6,1.0480001,
,,,21.08999979E-6,1.0400001,
,,,21.10000059E-6,1.0320001,
,,,21.10999958E-6,1.0400001,
,,,21.12000038E-6,1.0320001,
,,,21.12999937E-6,1.0240000,
,,,21.14000017E-6,1.0400001,
,,,21.14999916E-6,1.0640000,
,,,21.15999996E-6,1.0800000,
,,,21.17000076E-6,1.0880001,
,,,21.17999975E-6,1.0720000,
,,,21.19000055E-6,1.0640000,
,,,21.19999954E-6,1.0640000,
,,,21.21000034E-6,1.0480001,
,,,21.21999933E-6,1.0400001,
,,,21.23000013E-6,1.0320001,
,,,21.23999911E-6,1.0240000,
,,,21.24999992E-6,1.0320001,
,,,21.26000072E-6,1.0400001,
,,,21.26999971E-6,1.0560000,
,,,21.28000051E-6,1.0560000,
,,,21.28999949E-6,1.0800000,
,,,21.30000030E-6,1.0720000,
,,,21.30999928E-6,1.0640000,
,,,21.32000009E-6,1.0800000,
,,,21.32999907E-6,1.0480001,
,,,21.33999988E-6,1.0560000,
,,,21.35000068E-6,1.0400001,
,,,21.35999966E-6,1.0400001,
,,,21.37000047E-6,1.0320001,
,,,21.37999945E-6,1.0320001,
,,,21.39000026E-6,1.0400001,
,,,21.39999924E-6,1.0480001,
,,,21.41000004E-6,1.0640000,
,,,21.41999903E-6,1.0800000,
,,,21.42999983E-6,1.0720000,
,,,21.44000064E-6,1.0720000,
,,,21.44999962E-6,1.0560000,
,,,21.46000043E-6,1.0480001,
,,,21.46999941E-6,1.0480001,
,,,21.48000021E-6,1.0480001,
,,,21.48999920E-6,1.0320001,
,,,21.50000000E-6,1.0320001,
,,,21.51000081E-6,1.0240000,
,,,21.51999979E-6,1.0320001,
,,,21.53000059E-6,1.0640000,
,,,21.53999958E-6,1.0720000,
,,,21.55000038E-6,1.0720000,
,,,21.55999937E-6,1.0720000,
,,,21.57000017E-6,1.0560000,
,,,21.57999916E-6,1.0560000,
,,,21.58999996E-6,1.0480001,
,,,21.60000076E-6,1.0480001,
,,,21.60999975E-6,1.0320001,
,,,21.62000055E-6,1.0320001,
,,,21.62999954E-6,1.0320001,
,,,21.64000034E-6,1.0320001,
,,,21.64999933E-6,1.0400001,
,,,21.66000013E-6,1.0640000,
,,,21.66999911E-6,1.0640000,
,,,21.67999992E-6,1.0800000,
,,,21.69000072E-6,1.0720000,
,,,21.69999971E-6,1.0640000,
,,,21.71000051E-6,1.0560000,
,,,21.71999949E-6,1.0560000,
,,,21.73000030E-6,1.0480001,
,,,21.73999928E-6,1.0400001,
,,,21.75000009E-6,1.0320001,
,,,21.75999907E-6,1.0320001,
,,,21.76999988E-6,1.0400001,
,,,21.78000068E-6,1.0400001,
,,,21.78999966E-6,1.0560000,
,,,21.80000047E-6,1.0720000,
,,,21.80999945E-6,1.0720000,
,,,21.82000026E-6,1.0640000,
,,,21.82999924E-6,1.0640000,
,,,21.84000004E-6,1.0560000,
,,,21.84999903E-6,1.0400001,
,,,21.85999983E-6,1.0400001,
,,,21.87000064E-6,1.0320001,
,,,21.87999962E-6,1.0240000,
,,,21.89000043E-6,1.0240000,
,,,21.89999941E-6,1.0320001,
,,,21.91000021E-6,1.0560000,
,,,21.91999920E-6,1.0640000,
,,,21.93000000E-6,1.0720000,
,,,21.94000081E-6,1.0720000,
,,,21.94999979E-6,1.0800000,
,,,21.96000059E-6,1.0720000,
,,,21.96999958E-6,1.0560000,
,,,21.98000038E-6,1.0400001,
,,,21.98999937E-6,1.0320001,
,,,22.00000017E-6,1.0480001,
,,,22.00999916E-6,1.0400001,
,,,22.01999996E-6,1.0400001,
,,,22.03000076E-6,1.0400001,
,,,22.03999975E-6,1.0400001,
,,,22.05000055E-6,1.0640000,
,,,22.05999954E-6,1.0720000,
,,,22.07000034E-6,1.0720000,
,,,22.07999933E-6,1.0640000,
,,,22.09000013E-6,1.0560000,
,,,22.09999911E-6,1.0640000,
,,,22.10999992E-6,1.0400001,
,,,22.12000072E-6,1.0400001,
,,,22.12999971E-6,1.0320001,
,,,22.14000051E-6,1.0320001,
,,,22.14999950E-6,1.0400001,
,,,22.16000030E-6,1.0480001,
,,,22.16999928E-6,1.0480001,
,,,22.18000009E-6,1.0640000,
,,,22.18999907E-6,1.0880001,
,,,22.19999988E-6,1.0800000,
,,,22.21000068E-6,1.0720000,
,,,22.21999966E-6,1.0640000,
,,,22.23000047E-6,1.0480001,
,,,22.23999945E-6,1.0480001,
,,,22.25000026E-6,1.0480001,
,,,22.25999924E-6,1.0320001,
,,,22.27000004E-6,1.0320001,
,,,22.27999903E-6,1.0240000,
,,,22.28999983E-6,1.0400001,
,,,22.30000064E-6,1.0560000,
,,,22.30999962E-6,1.0720000,
,,,22.32000043E-6,1.0720000,
,,,22.32999941E-6,1.0640000,
,,,22.34000021E-6,1.0640000,
,,,22.34999920E-6,1.0720000,
,,,22.36000000E-6,1.0480001,
,,,22.37000081E-6,1.0480001,
,,,22.37999979E-6,1.0400001,
,,,22.39000059E-6,1.0320001,
,,,22.39999958E-6,1.0320001,
,,,22.41000038E-6,1.0240000,
,,,22.41999937E-6,1.0400001,
,,,22.43000017E-6,1.0560000,
,,,22.43999916E-6,1.0720000,
,,,22.44999996E-6,1.0800000,
,,,22.46000076E-6,1.0720000,
,,,22.46999975E-6,1.0640000,
,,,22.48000055E-6,1.0560000,
,,,22.48999954E-6,1.0560000,
